recipeId,ingredientId,quantity
1,112,175g/6oz
1,41,75g/3oz
1,33,200g/7oz
1,282,75g/3oz
1,52,75g/3oz
1,141,2
1,169,75g/3oz
1,550,1 tsp
1,135,50g/1¾oz
2,248,120g
2,52,60g
2,41,60g
2,464,300g
2,41,30g
2,110,30g
2,462,120g
2,84,¼ teaspoon
2,181,to serve
3,211,200ml
3,223,60ml
3,123,2
3,137,1600g
3,15,3 tsp
3,281,1/2 tsp
3,491,25g
3,305,45g
3,238,3 tbs
4,70,6
4,57,16
4,154,1 1/2 
4,150,6
4,53,8
4,320,2 tbs
4,104,1 1/2 
4,95,1 1/2 
4,393,1 1/2 
4,309,2 tbs
4,91,1 can 
4,305,1 tsp 
4,333,1 cup 
5,248,175g/6oz
5,73,75g/2½oz
5,93,2-3 tbsp
5,256,1 tbsp
5,41,125g/4½oz
5,52,125g/4½oz
5,169,125g/4½oz
5,140,1
5,550,½ tsp
5,135,50g/1¾oz
6,41,25g/1oz
6,35,8 thin slices
6,306,50g/2oz
6,84,2 tsp
6,211,350ml/12fl
6,115,50ml/2fl oz
6,123,2 free-range
6,305,25g/1oz
6,222,grated, to taste
7,218,400g
7,125,1-2tbsp
7,224,Dash
7,24,750g piece
7,233,6-8 slices
7,255,500g
7,137,Dusting
7,122,2 Beaten 
8,11,1 large
8,364,½ cup 
8,317,1 cup
8,149,6 cloves
8,165,1
8,261,¼ teaspoon
8,223,1.5 tablespoon
8,96,1 tablespoon chopped
8,281,as required
9,23,4-5 pound
9,281,Dash
9,364,3
9,149,5 cloves
9,313,1 Sprig
9,396,1 sprig 
9,21,4
9,26,2 cups
9,49,3 Large
9,219,1 Tbsp
9,253,4 Mashed
10,3,8 slices
10,37,12 florets
10,253,1 Packet
10,49,1 Packet
10,248,140g
10,123,4
10,211,200ml
10,307,drizzle (for cooking)
11,3,1kg
11,227,3
11,149,4 cloves
11,224,Dash
11,81,300g
11,104,2 tsp
11,548,2 tsp
11,87,1 tsp
11,85,1 large
11,21,3
11,230,2 tsp dried
11,545,2 ancho
11,16,3 tbsp
11,249,2 x 400g
11,315,2 tbsp
11,107,2 tbsp
11,31,2 x 400g tins
12,224,1 tbls
12,227,1
12,149,1 clove
12,41,1 tbsp
12,218,250g
12,24,500g
12,248,1tbsp
12,101,150g
12,125,1 tbsp
12,26,100ml
12,237,Topping
13,378,2 tblsp 
13,364,1 finely chopped 
13,55,1
13,196,1 sliced
13,253,1 medium
13,41,1 knob
13,328,1 litre hot
13,37,1 Head chopped
13,379,140g
14,283,8 large
14,399,1 Jar
14,397,1200g
14,30,1 tbls
14,125,1 tsp 
15,407,1 large
15,123,2 medium
15,15,pinch
15,324,spinkling
15,223,1 tsp 
15,411,25g
15,408,125g
16,224,2 tbs
16,41,25g
16,3,750g
16,248,2 tblsp 
16,149,2 cloves minced
16,227,175g
16,55,150g
16,49,150g
16,196,2 chopped
16,447,200g
16,266,150ml
16,26,500g
16,20,2
16,313,3 tbs
16,237,3 tblsp chopped
16,248,125g
16,15,1 tsp 
16,446,60g
16,333,Splash
17,3,1kg
17,248,2 tbs
17,378,2 tbs
17,266,200ml
17,26,400ml
17,364,1 finely sliced
17,49,2 chopped
17,313,3 sprigs
17,219,2 tbs
17,122,2 free-range
17,255,400g
17,163,300g
17,41,25g
17,281,pinch
17,244,pinch
18,3,900g
18,224,3 tbs
18,289,3
18,149,2 cloves minced
18,14,125g
18,313,1 tbs chopped
18,20,2
18,450,330ml
18,26,400ml
18,354,2 tbs
18,449,8
18,248,400g
18,281,pinch
18,41,250g
18,123,To Glaze
19,463,50g
19,41,125g
19,52,150g
19,197,Grated
19,248,150g
19,15,½ tsp
19,462,600g
19,305,75g
19,52,2 tbs
19,198,1 tbs
19,115,300ml 
19,343,100ml
19,214,Garnish with
20,41,175g
20,52,175g
20,286,140g
20,471,50g
20,15,½ tsp
20,123,3 Medium
20,324,½ tsp
20,550,¼ teaspoon
20,41,175g
20,52,175g
20,286,140g
20,471,50g
20,15,½ tsp
20,123,3 Medium
20,324,½ tsp
20,550,¼ teaspoon
20,466,½ tsp
20,382,200g
20,470,1kg
20,347,Dusting
21,391,3 tsp
21,484,600g
21,14,100g 
21,57,350g
21,63,250g
21,150,2 sliced
21,485,1
21,316,1 tbs
21,266,750 ml 
21,54,600g
21,224,2 tbs
21,313,sprigs of fresh
21,396,sprigs of fresh
21,20,2
21,47,4
22,248,375g
22,52,50g
22,475,7g
22,211,75g
22,123,3 Large
22,123,To Glaze
22,41,180g
22,492,250g
22,490,8 slices
23,227,2 finely chopped
23,313,sprigs of fresh
23,224,2 tbs
23,253,1.5kg
23,328,425g
24,333,1/2 cup 
24,475,2 parts 
24,305,1/2 cup 
24,211,1/2 cup 
24,41,6 tblsp
24,123,2
24,281,1 ½ tsp
24,137,2-1/2 cups
24,223,for frying
24,197,garnish
24,305,garnish
24,84,garnish
25,1,1 whole
25,365,1 chopped
25,227,2 chopped
25,150,2 chopped
25,264,1 chopped
25,49,1 chopped
25,202,1
25,313,2 tsp
25,548,1 tsp 
25,296,2 tbs
25,99,2 tsp
25,91,2 cups 
25,327,1 tbs
26,3,1/2 lb
26,281,pinch
26,244,pinch
26,443,2 tsp
26,483,1/2 
26,528,3 tbs
26,223,5 tbs
26,534,1/4 lb
26,364,1/2 cup 
26,212,1 tsp 
26,154,1 tsp 
26,533,1 cup 
26,218,1 cup 
26,333,1 cup 
26,231,1 tbs
26,305,1 tsp 
26,296,1 tsp 
27,393,2 medium
27,237,2 tbs chopped
27,197,Juice of 1
27,62,175g
27,224,1 tbs
27,2,350g
27,363,to serve
28,403,500g
28,123,4 large
28,137,3 tbs
28,305,250g
28,84,1 tsp 
28,200,Grated Zest of 2
28,536,5 tbs
28,347,sprinking
29,253,3 Medium
29,224,1 tbs
29,14,2 strips
29,150,Minced
29,412,1 tbs
29,237,Garnish
29,281,Pinch
29,244,Pinch
29,548,To taste
30,41,100g 
30,137,150g
30,26,700ml
30,364,30g
30,237,1 tbs
30,3,400g
30,281,Pinch
30,244,Pinch
30,222,Pinch
30,137,50g
30,123,2 Beaten 
30,36,50g
31,253,2
31,263,1
31,149,2 cloves
31,202,1
31,35,2
31,4,1 lb
31,389, 
31,180, 
31,315, 
31,305, 
31,327, 
31,281, 
31,244, 
32,268,White
32,364,1
32,202,1
32,150,3
32,103,1
32,49,3 oz 
32,512,1 lb
32,296,2 oz 
33,387,400g
33,224,2 tbs
33,583,2
33,364,Chopped
33,586,1/4 
33,60,2 sliced
33,582,2 large
33,576,1 cup 
33,541,2 tsp
33,244,Pinch
33,219,2 tsp
33,226,1 1/2 tsp 
33,151,1 1/2 tsp 
33,232,1/2 tsp
34,14,2 sliced
34,594,1 lb
34,4,1 lb
34,137,1/4 cup
34,149,3 chopped
34,364,1 Diced
34,218,1 1/2 cup 
34,440,4 cups 
34,596,1 Jar
34,266,1/4 cup
34,20,1
34,17,1 tsp 
34,207,1 tsp 
34,232,1 tbs
34,597,1/8 teaspoon
34,180,1 dash
34,26,5 Cups
34,316,2 tbs
34,111,1 cup 
34,342,1 dash
35,253,4 large
35,301,1  bunch
35,248,100g 
35,121,1
35,211,150ml
35,27,1 tsp 
35,41,3 tbs
35,327,2 tbs
35,62,6
35,14,12
35,483,6
36,3,1lb
36,327,5 tbs
36,85,1
36,87,3
36,497,3
36,47,3
36,90,1 cup 
36,333,1 cup 
36,309,2 tbs
36,202,6
36,305,1 tbs
36,57,5
37,557,1 Packet
37,387,150g
37,364,150g
37,223,40g
37,281,Dash
37,244,Dash
38,149,3 cloves
38,364,1 sliced
38,3,2 Lbs
38,316,8 ounces
38,333,1 cup 
38,224,3 tbs
38,197,1 Slice
38,253,1 large
38,296,1/4 cup
38,29,1/2 tsp
38,21,2
38,281,To taste
39,3,1 lb
39,296,5 tablespoons
39,197,1
39,149,3 cloves
39,364,3 parts 
39,224,4 tbs
39,333,1 cup 
39,281,1 pinch
40,3,2kg cut cubes
40,26,1
40,296,1 tbs
40,333,2 cups 
40,425,1 sliced
40,264,1 sliced
40,253,1 sliced
40,49,1 sliced
40,316,8 ounces
40,238,3  tablespoons
40,75,5
40,364,1 chopped
40,149,5 cloves
40,224,3 tbs
41,3,1.5kg
41,573,1
41,316,8 ounces
41,333,3 cups 
41,296,6 tablespoons
41,541,1 tbs
41,244,2 tbs
41,20,4
41,197,1/2 
41,399,2 tbs
41,41,3 tbs
41,224,1/2 cup 
41,364,1 chopped
41,149,4 cloves
42,35,2
42,483,2
42,281,0.5
43,604,3
43,224,4 tbs
43,368,1
43,333,6 cups 
43,253,3
43,46,1 can 
43,113,Garnish
44,607,1/2 cup 
44,137,2/3 Cup
44,281,1/2 tsp
44,475,1 tsp 
44,211,1 cup 
44,41,2 tbs
44,483,1 Seperated
45,124,14 oz jar
45,291,3 Cups
45,98,6
45,66,2
46,247,250g
46,41,175g
46,211,2 tablespoons
46,123,5
46,160,175g
46,137,125g
47,137,250g
47,41,125g
47,483,1
47,281,Pinch
47,60,300g
47,211,100ml milk
47,123,3
47,235,100g
47,249,350g
47,337,3tbsp
47,177,1 tbsp
47,17,Topping
48,282,250g
48,108,225g
48,158,150g
48,228,Zest of 1
48,274,500g
48,82,250g
49,1,1.2 kg
49,364,5 thinly sliced
49,317,2 finely chopped
49,149,8 cloves chopped
49,157,1 tbsp
49,327,¼ cup
49,105,2 tsp
49,97,3 tsp
49,321,1 tsp
49,75,1 tsp
49,165,2
49,343,1 cup
49,100,¾ cup
49,132,3 tsp Dried
49,148,1 tsp
49,281,To taste
50,41,2 tablespoons
50,224,3 tablespoons
50,1,5 boneless
50,281,1 teaspoon
50,302,1 cut into 1/2-inch cubes
50,37,1 Head chopped
50,218,8-ounce sliced
50,244,1 red
50,364,1 chopped
50,149,3 cloves
50,265,1/2 teaspoon
50,338,1/2 cup
50,211,1/2 cup
50,176,1/2 cup
50,235,1 cup grated
50,32,16 ounces
50,281,pinch
50,244,pinch 
50,237,chopped
51,204,500g
51,68,2 cups
51,176,1/2 cup
51,127,1 packet
51,281,1 tsp
51,65,3 diced
51,224,2 tbsp
51,364,1 small finely diced
51,264,2 finely diced
51,149,2 cloves minced
51,59,1 cup
51,237,garnish chopped
52,44,2 tbsp
52,53,1 tsp
52,335,4 fillets
52,327,1 tsp
52,138,8
52,5,1 sliced
52,203,2 shredded
52,301,4 shredded
52,280,1 x 300ml
52,295,1 pot
52,197,1
52,149,1 clove finely chopped
53,66,4 - 6
53,330,1 bottle
53,104,1½ tablespoon
53,293,1 tablespoon
53,149,1 teaspoon
53,267,1 can
53,173,12
53,290,2 cups
53,161,Halved
53,184,Sliced and Seeded
53,5,Peeled and Sliced
53,168,2 tablespoons
53,295,3 tablespoons
53,211,1 tablespoon
54,1,450 grams Boneless skin
54,154,1 tablespoon
54,149,1 clove
54,296,2 tablespoons
54,278,1 tablespoon
54,160,2 teaspoon
54,252,1/3 cup
54,327,1/3 cup
54,197,1/3 cup
55,224,1½ tbsp
55,14,3 rashers (100g) chopped dry-cured
55,289,12 small
55,67,2 (460g)
55,70,4 (650g)
55,66,2 (280g)
55,149,3 finely chopped
55,34,3 tbsp
55,266,600ml
55,68,150ml
55,316,2 tsp
55,313,3 sprigs
55,396,2 sprigs
55,21,2
55,237,garnish
55,63,250g
55,248,2 tbsp
55,41,1 tsp
56,371,280g
56,373,200g
56,224,2 tblsp 
56,150,2 cloves chopped
56,259,1 large
56,189,24 Skinned
56,62,12
56,18,Handful
56,201,Leaves
56,35,to serve
56,375,2 tbsp
56,202,Grated Zest of 2
56,52,2 tsp
57,376,1½ kg
57,41,50g
57,14,150g
57,364,1 finely chopped 
57,313,sprigs of fresh
57,20,1
57,248,1 tbls
57,211,150ml
57,115,150ml
57,253,2 medium
57,237,Chopped
58,224,3 tbsp
58,227,2 chopped
58,55,2 sticks
58,49,300g
58,253,500g
58,20,4
58,316,5 tblsp 
58,305,2 tblsp 
58,337,2 tblsp 
58,80,1½ kg
58,377,500g
58,329,3
58,339,400ml
59,41,50g
59,364,1 chopped
59,218,100g 
59,248,40g
59,368,1
59,222,pinch
59,220,pinch
59,1,250g
59,390,2 Handfuls
59,253,2 large
59,41,1 knob
60,224,1 tbsp
60,364,1 chopped
60,65,200g
60,154,pinch
60,175,2 tblsp 
60,405,10
60,71,220g
60,384,200g
60,68,200ml
60,95,Handful
61,407,1
61,43,3 tbsp
61,5,1
61,177,2 tblsp 
61,198,1 tsp 
61,323,1 tsp 
61,333,2 tbsp
61,284,pinch
62,248,300g
62,41,75g
62,346,100g 
62,347,1 tbls
62,41,150g
62,412,200ml
62,413,250g
62,414,100g 
62,123,4
62,324,1 tsp 
62,411,400g
62,415,200g
63,417,200g
63,416,100g 
63,282,250g
63,413,400g
63,123,4 large
63,248,140g
63,89,50g
63,408,200g
64,71,400g
64,224,1 tblsp 
64,232,pinch
64,317,2 small cut chunks
64,263,1 finely sliced
64,394,2 tsp
64,5,1
64,202,Juice of 1
64,202,Chopped
64,295,100g 
64,175,2 tsp
64,98,4
64,95,to serve
65,68,450ml
65,65,3
65,41,75g
65,196,2 sliced
65,149,2 cloves minced
65,248,50g
65,211,200ml
65,338,3 tbs
65,115,150ml
65,448,150g
65,284,spinkling
65,244,pinch
65,248,350g
65,41,200g
65,140,1
65,93,1 tbls
65,140,1
66,253,1.5kg
66,41,30g
66,115,5 tblsp 
66,122,2
66,41,30g
66,289,7
66,49,3 chopped
66,55,2 sticks
66,150,1 finely chopped 
66,338,4 tbsp
66,316,1 tbls
66,427,400g
66,68,350ml
66,1,600g
66,363,16
66,237,2 tbs
66,60,50g
67,327,450ml
67,248,400g
67,27,2 tsp
67,305,550ml
67,123,5
67,281,½ tsp
67,84,2 tsp
67,49,500g grated
67,410,150g
67,346,200g
67,52,150g
67,41,100g 
68,474,500g
68,281,1 tsp 
68,475,7g
68,211,300ml 
68,41,40g
68,123,1
68,327,Dash
68,41,25g
68,40,75g
68,84,2 tsp
68,477,150g
68,211,2 tbs
68,52,2 tbs
69,486,142ml
69,52,25g
69,417,100g 
69,41,25g
69,41,drizzle
69,52,50g
69,417,175g
69,115,2 tbs
69,122,4
69,121,5
69,115,2 tbs
69,347,to serve
70,255,320g
70,414,4 tbs
70,464,3
70,487,4 tbs
70,101,100ml
70,347,1 tbs
70,47,3
71,224,1 tbs
71,218,300g
71,67,4
71,377,500g
71,368,1
71,363,100g 
71,237,Chopped
72,419,375g
72,123,2 large
72,217,175g
72,457,100g 
72,324,1 tsp 
72,41,50g
72,486,4 tsp
72,410,50g
73,1,1.5kg
73,41,25g
73,224,6 tblsp
73,263,2 sliced
73,264,3 Large
73,81,130g
73,504,8
73,149,6 cloves sliced
73,19,300g
73,316,drizzle
73,232,½ tsp
73,21,4
73,313,Handful
73,68,350ml
73,117,180g
73,200,2
73,363,100g 
73,281,to serve
73,244,to serve
74,187,1  bunch
74,14,2 strips
74,149,3 cloves Chopped
74,364,1 medium
74,232,1/2 tsp
74,313,1 Sprig
74,365,1
74,264,1
74,407,4
74,327,Splash
75,1,8 oz 
75,281,pinch
75,244,pinch
75,155,1 tsp 
75,154,1 tsp 
75,301,1 tbs
75,268,1/2 cup 
75,333,8 cups 
75,95,2 oz 
76,543,6 chopped
76,41,150g
76,544,120g
76,416,150g
77,317,4
77,224,2 tbs
77,364,1 Diced
77,264,1 sliced
77,425,1 sliced
77,149,3 Cloves Crushed
77,104,1 tsp 
77,232,1 tsp 
77,281,3/4 teaspoon
77,72,1/2 teaspoon
77,123,4
78,50,250g
78,347,100g 
78,122,2
78,558,2 tbs
78,347,To Glaze
78,471,100g 
79,433,1 cup 
79,364,1 large
79,49,1 large
79,316,1 tbs
79,104,2 tsp
79,232,1 tsp 
79,214,1/2 tsp
79,313,1/2 tsp
79,29,1/4 tsp
79,265,1/4 tsp
79,328,4 cups 
79,333,1 cup 
79,284,Pinch
80,471,50g
80,33,2 large
80,559,200g
80,222,1 whole
80,457,1kg
80,248,140g
80,36,100g 
80,217,100g 
80,123,3 Large
80,34,2 tbs
80,41,250g
81,228,3
81,110,1 tbs
81,560,2 tbs
81,82,300g
81,459,500g
81,401,250g
81,115,284ml
81,135,Handful
81,417,Grated
82,41,200g
82,217,200g
82,248,200g
82,123,4 Beaten
82,169,50g
82,561,100ml
82,559,85g
82,479,85g
82,457,250g
82,458,250g
82,411,100g 
82,197,Grated zest of 1
82,563,1 ½ tbsp
82,562,1 ½ tbsp
82,324,1/2 tsp
82,15,1/2 tsp
83,23,3 Lbs
83,292,10
83,49,5
83,440,1 head
84,187,1  bunch
84,182,8
84,440,1 Head chopped
84,150,8
84,364,Sliced
84,441,Sliced
84,68,1 cup 
84,281, 
84,244, 
85,581,225g
85,41,25g
85,259,1 chopped
85,149,1 clove finely chopped
85,65,400g
85,224,2 tbs
85,363,Handful
85,263,1 chopped
85,133,100g 
85,214,Chopped
85,197,Juice of 1/2
86,65,1
86,592,1/4 cup
86,483,1
86,211,1/4 cup
86,137,1/2 cup 
86,347,1 tbs
86,232,1/2 tsp
86,281,1/2 tsp
86,29,1/4 tsp
86,151,1/4 tsp
86,56,1/4 tsp
86,53,1/2 tsp
86,224,1 cup 
86,583,1
87,41,Knob
87,570,2
87,14,4
87,253,2
87,49,1
87,447,1/2 
87,440,1/2 
87,20,1
87,603,100ml
87,68,100g 
88,387,500g
88,502,250g
88,364,1
88,149,4 cloves
88,237,3 tblsp chopped
88,232,1 tbs
88,15,3/4 teaspoon
88,36,2 tbs
88,333,3 tbs
88,329,1
88,281,1 tsp 
88,244,1 tsp 
89,253,600g
89,426,1 chopped
89,49,1 chopped
89,425,1 chopped
89,11,1 small
89,364,1 Large Chopped
89,381,800g
89,152,1 tbs
89,316,1 tbs
89,224,80 ml 
89,313,Sprinking
89,338,250ml
89,244,Pinch
90,46,2 cans
90,327,3 tbs
90,317,2 cups 
90,57,5
90,149,2 cloves
90,237,Pinch
90,81,1/2 kg chopped 
91,23,2
91,35,2
91,201,1
91,365,1
91,448,100g 
91,402,100g 
91,14,100g 
91,483,1
91,364,1
91,244,1
92,119,1 large
92,36,1 cup 
92,288,50g
92,123,2
92,281,To taste
92,244,To taste
92,327,For frying
93,491,3 tbs
93,364,1 large
93,440,1 medium
93,49,1
93,55,1
93,20,1
93,328,8 cups 
93,253,2 large
93,317,2 large
93,295,Garnish
93,113,Garnish
94,318,1 cup
94,333,2-1/2 cups
94,281,1 tsp
94,320,1/4 tsp
94,153,3 tbs
94,80,1 cup
94,105,1/2 tsp
94,221,1/2 tsp
94,20,2
94,165,1 tbs chopped
94,154,2 tsp shredded
94,83,2 tbs 
94,264,1/2 tsp
94,281,1/2 tsp
94,305,1 tsp
94,148,1/4 tsp
95,471,100g 
95,41,180g
95,217,180g
95,228,Zest of 1
95,469,3 tbs
95,248,225g
95,15,1 tsp 
95,123,3 Large
95,169,100g 
95,211,2 tbs
95,477,500g
95,479,100g 
95,211,1 tbs
95,52,2 tsp
96,284,Handful
96,20,4
96,149,4 cloves
96,313,Handful
96,367,4
96,338,100ml
97,304,500g
97,115,400ml
97,210,3 x 7.5cm
97,155,1 tbsp
97,214,sprigs of fresh
98,41,250g
98,248,350g
98,197,Juice of 1/2
98,41,25g
98,458,200g
98,460,50g
98,217,100g 
98,84,1 tsp 
98,154,1 tsp 
98,548,1 tsp 
98,197,Zest of 1
98,123,1 beaten
98,305,spinkling
99,283,2
99,14,3
99,218,2
99,317,2
99,472,1 Slice
99,123,2
99,35,1 Slice
100,518,2 Pounds
100,327,1/2 cup 
100,149,1 clove peeled crushed
100,154,1/2 tsp
100,313,2 sprigs
100,20,1
100,264,0.5
100,424,0.5
100,364,1 sliced
100,49,1 chopped
100,305,1 tbs
100,548,1/2 tsp
100,342,1 tsp 
100,515,1
100,202,1
100,519,3/4 cup 
100,244,pinch
101,68,3 cups 
101,281,1/4 tsp
101,305,1/4 tsp
101,244,pinch
101,443,1 tsp 
101,241,1/3 cup
101,218,1/3 cup
101,99,1 tbs
101,333,2 tbs
101,301,1/4 cup
102,3,1lb
102,364,1
102,368,1
102,317,2
102,150,4
102,316,1 tbs
102,268,2 cups 
102,534,1/4 cup
102,41,1/4 cup
102,224,2 cups 
102,579,1
102,104,1 tbs
102,541,3 tbs
102,281,To taste
102,244,To taste
103,119,1 lb
103,305,2 tbs
103,281,1 tsp 
103,244,1 tsp 
103,149,1 whole
103,224,3 tbs
103,569,4 oz 
103,520,3 tbs
103,296,2 tbs
103,20,2
104,139,900g
104,224,2 tbsp
104,287,600ml
104,336,800g
104,248,1 tbsp
104,222,Grating
104,115,3 tbsp
104,186,200g
104,196,1 finely sliced
104,254,200g peeled raw
104,237,Large handful
104,113,Handful
104,197,Grated zest of 1
104,172,25g grated
104,197,Juice of 1
105,224,3 tablespoons
105,364,1
105,149,2 cloves
105,49,1
105,142,2 1/4 cups
105,313,1 teaspoon
105,20,3
105,281,1 tablespoon
105,55,2 sticks
106,353,227g
106,41,25g
106,354,1 tsp 
106,235,100g 
106,222,Grated
106,352,250g
106,237,Chopped
107,283,4
107,14,4
107,218,4
107,317,3
107,472,2 sliced
107,123,2
107,35,1 Slice
107,473,100g 
108,41,50g
108,224,1 tbs
108,364,1 kg
108,305,1 tsp 
108,150,4 sliced
108,248,2 tbs
108,117,250ml
108,26,1L
108,35,4 sliced
108,172,140g
109,41,75g
109,196,1kg
109,281,½ tsp
109,101,300ml 
109,483,1
109,122,3
109,222,¼ teaspoon
109,248,225g
109,281,½ tsp
109,41,60g
109,451,60g
109,59,50g
109,333,2 tbs
110,123,3
110,41,2 knobs
110,234,1 tsp 
110,493,3 chopped
110,237,1 tbs chopped
110,494,1 tbs chopped
110,172,4 tbs
111,254,6 large
111,224,3 tbs
111,117,150ml
111,361,200ml
111,393,1 small finely diced
111,364,1 small finely diced
111,149,3 cloves Chopped
111,253,1 large
111,228,1
111,497,1
111,20,1
111,175,1 1/2 tsp 
111,316,2 tbs
111,80,400g
111,355,Handful
111,335,200g
111,313,2
111,35,to serve
112,253,225g
112,393,1 small
112,149,1 clove finely chopped
112,211,75 ml 
112,115,100ml
112,41,For Greasing
112,235,to serve
113,346,1 1/4 oz 
113,305,1 1/4 cup
113,324,1 teaspoon
113,137,
113,255,2
113,304,
113,408,
113,462,
114,66,2
114,49,12 ounces
114,292,5
114,364,1
114,26,1
114,402,1 1/2 cup 
114,295,2 tbsp
114,41, 
114,305, 
114,327, 
114,281, 
114,244, 
115,517,2 cups 
115,237,1/3 cup
115,224,Dash
115,200,3
115,150,4
115,104,Sprinking
116,137,4 cups 
116,333,1 1/2 cups 
116,281,1/4 tsp
116,491,1 cup 
116,224,1/4 cup
117,454,600g
117,253,300g
117,165,1 chopped
117,95,3 tbs
117,105,1 tsp 
117,244,1/2 tsp
117,149,3 cloves
117,154,2 pieces 
117,137,2 tbs
117,123,3
117,36,75g
117,327,For frying
118,605,500g
118,327,Dash
118,137,To Glaze
118,281,Dash
119,352,1 lb
119,176,1/2 cup 
119,41,1/2 cup 
119,234,1/2 cup 
119,237,2 tbsp
119,29, 
120,224,2 tbs
120,364,1 sliced
120,49,2 medium
120,361,3 cups 
120,333,3 cups 
120,253,4 large
120,20,3
120,508,1
120,2,1
121,257,500g
121,224,3 tablespoons
121,78,1
121,145,pinch
121,338,250ml
121,80,1 (400g) tin
121,212,1/2 teaspoon
121,102,1 (200g) pack
122,204,8 ounces (230 grams)
122,248,1/3 cup
122,220,3/4 teaspoon
122,151,1/2 teaspoon
122,190,1/2 teaspoon
122,29,1/2 teaspoon
122,53,1/8 teaspoon
122,41,6 tablespoons (85 grams)
122,339,1 1/2 cups (360 milliliters)
122,176,1 cup (240 milliliters)
122,215,1 pound (455 grams) 
122,41,4 tablespoons (55 grams)
122,151,1 teaspoon
122,35,16 slices square
122,59,8 slices mild
122,92,8 slices
122,41,4 tablespoons (55 grams)
123,65,1 1/2 
123,248,3/4 cup 
123,483,1
123,528,2 tbs
123,15,1 tbs
123,281,1 tsp 
123,226,1/2 tsp
123,151,1/4 tsp
123,333,3/4 cup 
123,68,1/2 cup 
123,531,1/4 cup
123,296,3 tbs
123,177,2 tbs
123,520,1 tbs
123,443,2 tbs
123,532,1/2 tbs
123,528,2 tbs
123,149,1 clove
123,301,2 chopped
123,154,1 tsp 
124,397,400g
124,224,3 tbs
124,364,1 chopped
124,150,2 chopped
124,316,2 tbs
124,317,800g
124,305,1 tbs
124,116,1 tbs
124,84,Pinch
124,79,2 tbs
125,440,1
125,41,2 tbs
125,364,1 chopped
125,512,1 lb
125,569,1/2 lb
125,268,1 1/2 cups 
125,149,1 tsp 
125,281,1 tsp 
125,29,1/4 tsp
125,316,3 cans
126,605,8
126,224,2 tbs
126,149,3 cloves
126,232,1 tbs
126,197,1/2 
126,396,4 sprigs
126,259,1
127,119,6
127,91,1 can 
127,198,1 tbs
127,281,1 tsp 
127,265,To taste
127,227,4 Sticks
128,2,1 lb
128,224,1 tablespoon
128,296,2 tablespoons
128,278,2 tablespoons
128,288,4 tablespoons
129,77,2 cups
129,176,2 tbs
129,94,1 – 14-ounce can
129,324,1 tsp
129,334,1-⅓ cups
129,213,1-½ cups
130,218,1/3 cup
130,535,1/3 cup
130,522,2/3 Cup
130,4,1/2 cup 
130,68,2-1/2 cups
130,281,1/2 tsp
130,305,1/4 tsp
130,443,1 tsp 
130,244,1/4 tsp
130,180,1/2 tsp
130,332,1-½ cups
130,296,1 tsp 
130,99,1 tbs
130,333,2 tbs
130,301,1/4 cup
131,286,750g
131,305,6 tablespoons
131,123,2
131,211,1 cup 
132,253,5
132,37,1
132,149,2 cloves
132,65,2
132,16, 
132,177, 
132,68, 
132,41,1 tbsp
132,327,1 tbsp
132,224,1 tbsp
133,112,100g 
133,471,85g
133,41,85g
133,162,250ml
133,401,750g
133,123,2
133,197,Zest of 1
133,228,Zest of 1
133,177,250ml
133,476,To serve
134,139,800g
134,41,50g
134,150,3 chopped
134,440,1 chopped
134,301,8
134,115,100ml
134,219,2 tbs
134,448,180g
134,123,4
135,340,300g soaked overnight in water
135,192,2kg cut into 3cm cubes
135,224,120ml
135,289,24 Skinned
135,49,4 large
135,322,2
135,54,1
135,58,350g
135,338,150ml
135,52,1 tsp
135,144,4 sprigs
135,230,4 sprigs
135,68,450ml
136,41,50g
136,286,250g
136,323,1 small
136,446,50g
136,211,150ml
136,256,100g 
136,459,to serve
137,70,12
137,202,1/2 
137,301,1  bunch
137,154,1 tbs chopped
137,149,3 cloves
137,364,1/2 
137,259,3 chopped
137,313,1/2 teaspoon
137,202,Juice of 1
137,296,2 tbs
137,327,2 tbs
137,40,3 tbs
137,548,1 tbs
137,19,200g
137,91,400g
137,301,1  bunch
137,313,2 sprigs
137,149,2 cloves chopped
137,548,1 tbs
137,435,800g
138,248,4 cups 
138,281,1 tsp 
138,106,1 tsp 
138,41,250g
138,333,1 cup 
138,387,900g
138,548,1 tsp 
138,29,1/2 tsp
138,327,2 tbs
138,227,1 cup 
138,264,Ground
138,149,2 tsp ground
138,313,1 tbs
138,281,1/4 tsp
138,315,2 tbs
138,333,2 cups 
138,227,1/2 cup 
138,483,1 beaten
138,333,1 tbs
138,333,1/4 cup
139,601,300g
139,442,1 tbs
139,592,Garnish
139,301,Garnish
140,327,1 tbs
140,364,1 large
140,4,1 chopped
140,328,150ml
140,296,1 tbs
140,442,1 tsp 
140,305,1 tsp 
140,123,2 Beaten 
140,601,200g
140,494,Chopped
141,146,250 Grams
141,114,500 Grams
141,152,Topping
141,180,Topping
141,201,1 Bulb
141,365,1
141,103,3rd
141,159,100 Grams
142,1,1 whole
142,223,2 quarts neutral frying
142,121,1
142,137,1 1/2 cups 
142,40,1 tablespoon
142,281,1 tablespoon
142,232,1 tablespoon
142,226,2 teaspoons
142,72,1 teaspoon
142,29,1 teaspoon
142,56,1/2 teaspoon
142,277,1/2 teaspoon
142,151,1/2 teaspoon
142,548,1/2 teaspoon
142,230,1/2 teaspoon
142,17,1/2 teaspoon
142,207,1/2 teaspoon
143,65,4 pounded to 1cm thickness
143,248,2 tablespoons
143,483,1 beaten
143,36,100g fine
143,327,230ml frying
143,307,2 tablespoons
143,227,2 sliced
143,149,5 chopped cloves
143,49,2 sliced
143,248,2 tablespoons
143,106,4 teaspoons
143,68,600ml
143,177,2 teaspoons
143,296,4 teaspoons
143,20,1
143,148,1 teaspoon
144,112,300g
144,41,150g
144,94,400g
144,122,3
144,202,4
144,115,300ml 
144,347,1 tbls
144,202,to serve
145,327,1 tbls
145,364,1 finely chopped 
145,149,2 cloves chopped
145,154,1 part 
145,95,1 Packet
145,104,1 tsp 
145,232,1 tsp 
145,148,2 tsp
145,80,400g
145,435,400g
145,19,to serve
146,455,300g
146,21,2
146,211,300ml 
146,123,4
146,237,Handful
146,95,Handful
146,327,2 tbs
146,364,1 chopped
146,95,1 tsp 
146,106,2 tsp
146,268,300g
147,278,2 tbs
147,296,2 tbs
147,443,2 tbs
147,354,2 tbs
147,333,2 tbs
147,1,500g
147,75,1 tbs
147,520,1 tsp 
147,40,1 tbs
147,301,4 Chopped
147,150,6 cloves
147,521,220g
147,240,100g 
148,254,400g
148,296,2 tbs
148,316,1 tsp 
148,354,1 tsp 
148,52,1 tsp 
148,307,1 tsp 
148,240,85g
148,74,3 Large
148,40,1 tbs
148,150,6 cloves
148,521,450g
148,154,to taste
149,253,5 Large
149,224,2 tbs
149,425,1
149,227,5
149,556,1 tbs
149,418,500g
149,123,24 Skinned
149,281,Pinch
149,244,Pinch
150,224,4 tbs
150,191,750g
150,276,1 1/2 tsp 
150,364,1 Large Chopped
150,333,25 ml
150,237,30g
150,41,1 tbs
150,197,1
151,253,2 large
151,41,2 tbs
151,60,150g
151,364,1 large
151,264,1 large
151,258,Pinch
152,475,1/4 ounce
152,333,1/4 cup
152,333,1 1/2 cups 
152,305,1/2 cup 
152,281,1 tsp 
152,123,2
152,589,1/3 cup
152,137,5 drops
152,507,Sprinking
152,211,1/2 cup
152,305,2 cups 
152,323,1 1/2 cups 
152,591,6 tablespoons
152,41, 1/3 cup
153,38,1 1/2 cups 
153,268,1 1/2 cups 
153,95,1/2 tsp
153,204,2 cups 
153,71,Can
153,364,1 large
153,281,Sprinking
153,327,1/2 cup 
154,224,2 tbsp
154,154,4cm piece finely chopped
154,149,2 cloves peeled and chopped
154,317,800g peeled and chopped 
154,198,2 tbsp
154,52,1 tsp
154,331,50
154,130,1 large
154,193,400g
154,364,1 medium
154,253,1 small peeled and coarsely grated
154,19,2 tbsp
154,79,2 tbsp
154,95,2 tbsp chopped
154,198,1 tbsp
154,149,2 cloves
154,87,½ tsp ground
154,84,½ tsp ground 
154,317,2 medium
155,50,12
155,188,½ tbsp
155,105,½ tbsp
155,227,3 sliced thinly
155,156,2 tsp
155,149,4 whole
155,214,Leaves
155,83,Leaves
155,276,½ tsp dissolved in ½ cup warm milk
155,153,2 tbsp
155,19,2 Cups
155,147,½ cup
155,105,1 tbsp
155,20,½
155,84,1 thin piece
155,87,3
155,47,2
155,191,1 lb
155,261,1 tsp
155,28,1 tbsp
156,364,2 quartered
156,307,4 tbsp
156,149,4 cloves
156,154,Thumb sized peeled and very finely grated
156,206,2 tbsp
156,232,2 tsp
156,85,1
156,47,6 bashed to break shells
156,87,4
156,20,2
156,316,1 tbsp
156,191,1kg cubed
156,162,150ml
156,95,Garnish chopped 
157,224,1 tbsp
157,259,1 finely sliced
157,312,2 ½ tbsp
157,329,1
157,91,400ml can
157,134,2 tsp
157,269,100g
157,202,2 juice of 1, the other halved
157,189,150g
157,95,½ small pack
158,224,2 tblsp 
158,364,1 finely sliced
158,49,2 chopped
158,380,500g
158,149,2 cloves minced
158,104,½ tsp
158,154,½ tsp
158,276,¼ tsp
158,84,1 tsp 
158,177,1 tblsp 
158,382,100g 
158,329,1
158,383,1 medium chopped
158,384,Steamed
158,237,Chopped
159,224,1 tblsp 
159,14,2
159,364,1 finely chopped 
159,55,1 Stick
159,49,1 medium
159,149,2 cloves chopped
159,387,500g
159,316,1 tbls
159,80,800g
159,177,1 tblsp 
159,194,500g
159,101,400ml
159,216,125g
159,235,50g
159,18,Topping
160,381,500g
160,137,1 tbls
160,327,Dash
160,364,1 sliced
160,49,2 sliced
160,328,350ml/12fl
160,253,500g
160,419,450g
160,123,To Glaze
161,41,100g 
161,191,900g
161,452,3
161,227,2 medium
161,49,4 sliced
161,248,25g
161,342,2 tsp
161,68,500ml
161,21,2
161,253,900g
162,224,2 tbs
162,364,1 medium finely diced
162,71,250g
162,328,1.5L
162,104,1 tsp 
162,149,5 cloves
162,281,1/2 tsp
162,175,1 tsp 
162,244,Pinch
162,202,1/2 
163,295,1/4 cup
163,78,2 tbs
163,116,1/2 tbs
163,281,1/4 tsp
163,35,8 slices
163,14,8 slices
163,365,8 slices
163,402,4 slices
163,41,2 1/2 Tbs
164,149,2 cloves
164,284,2 tsp
164,224,4 tbs
164,197,Zest and juice of 1
164,113,1 tbs
164,380,750g
164,579,To serve
165,580,25g
165,193,500g
165,104,1 tsp 
165,95,1 tsp 
165,232,1 tsp 
165,149,1 clove finely chopped
165,224,For frying
165,567,4
165,103,Grated
165,162,200g
165,214,2 tbs
166,191,50g
166,608,120g
166,198,1 tbs
166,41,2 tbs
166,364,1 chopped
166,191,450g
166,149,2 cloves
166,328,600ml
166,268,2 cups 
166,276,Pinch
166,237,Garnish
167,216,200 g
167,13,250 g
167,143,1  bunch
167,128,350 g
167,126,3  tablespoons
167,166,40 g
167,319,200 g
167,281,to taste
167,244,to taste
168,240,85g
168,90,400ml can
168,208,4 tbsp
168,3,600g stewing cut into strips
168,253,450g waxy
168,364,1 cut thin wedges
168,202,4 leaves
168,85,1
168,309,1 tbsp
168,40,1 tbsp palm or soft light
168,134,1 tbsp
168,74,1 red deseeded and finely sliced, to serve
168,185,to serve
169,218,30g
169,428,240g
169,57,3
169,149,3 cloves
169,396,3 sprigs
169,429,500g
169,296,2 tblsp 
169,338,125ml 
169,194,350g
169,36,4 tbsp
169,277,1/2 handful 
169,430,to serve
170,307,1 tbls
170,431,225g
170,154,2
170,104,1 tsp 
170,320,1 tsp 
170,95,1 tsp 
170,165,1
170,365,4 large
170,241,150g
170,148,1 tsp 
170,95,Small bunch
170,432,to serve
171,327,2 tbs
171,387,500g
171,364,1 chopped
171,316,1 tbls
171,248,1 ½ tbsp
171,218,75g
171,26,250ml
171,342,Dash
171,419,400g
171,122,1
172,104,2 tsp
172,378,1 tbs
172,263,2 finely chopped
172,150,6
172,165,3 finely chopped
172,264,1 finely chopped 
172,222,1 tsp 
172,95,2 tsp
172,193,1kg
172,244,1 tsp 
172,95,3 tbs
172,248,340g
172,281,½ tsp
172,211,90 ml 
172,451,150g
172,122,Beaten
173,41,175g
173,52,175g
173,123,3
173,286,250g
173,211,3 tbs
173,197,Zest of 1
173,460,To Glaze
174,23,1
174,281,3 tbs
174,29,3 tbs
174,95,1 tbs
174,305,1 tbs
174,20,1 tsp 
174,87,1 tsp 
174,29,3 tbs
174,95,1 tbs
174,232,1 tbs
174,149,1 tbs
174,364,1 tbs
174,113,1 tbs
174,125,1 tsp 
174,56,1 tbs
174,265,1 tsp 
175,522,450g
175,387,100g 
175,443,1/2 tbs
175,523,1 1/2 tsp 
175,524,1/2 tsp
175,244,1 tbs
175,281,1/2 tsp
175,526,1/2 tsp
175,296,1 tbs
175,333,400ml
175,224,2 tbs
175,525,2 chopped
175,301,4
175,149,2 cloves chopped
175,154,4 sliced
175,333,2 1/2 tbs
175,99,1 tbs
176,553,1 kg
176,354,1 kg
176,317,2
176,281,Pinch
176,364,1
176,165,1
176,96,1  bunch
177,41,225g
177,248,350g
177,52,100g 
177,564,280g
177,483,1 small
177,347,Topping
178,3,500g
178,11,1 large
178,162,150g
178,483,1 beaten
178,234,3 tbs
178,365,400g
178,316,4 tbs
178,253,350g
179,600,800g
179,364,1 chopped
179,3,300g
179,281,1 tsp 
179,333,1 Litre
179,150,1
179,224,1/2 cup 
180,253,1kg
180,211,200ml
180,41,50g
180,219,2 tbs
180,301,Bunch
180,301,Bunch
181,49,6 chopped
181,364,1 sliced
181,150,4
181,104,1 tsp 
181,95,1/2 tsp
181,224,1 tbs
181,148,1/4 tsp
181,198,1 tsp 
182,240,50g
182,74,15g
182,254,10g
182,223,5 tbs
182,333,750 ml 
182,309,1/2 tbs
182,253,250g
182,263,2
182,150,4
182,440,30g
182,76,30g
182,522,1
182,296,1 tbs
182,534,4
182,483,1
183,218,150g
183,607,50g
183,327,4 tbs
183,364,40g
183,149,2 cloves
183,20,1
183,329,1tbsp
183,295,50 ml 
183,541,Dash
183,237,Top
184,35,1 large
184,224,1 1/2 L 
184,149,Half
184,4,1 Handfull
185,259,1 large
185,154,0.5
185,149,1 large
185,95,Bunch
185,307,1 tbsp
185,66,4
185,238,5 tblsp 
185,68,150ml
185,162,200g
186,41,85g
186,295,140g
186,305,1tbsp
186,346,900g
186,52,250g
186,248,3 tbs
186,198,1 ½ teaspoons
186,123,3 Large
186,295,250ml
186,295,150ml
186,52,1 tbsp
186,198,2 tsp
187,459,125g
187,52,50g
187,89,5 tbs
187,483,1 beaten
187,112,200g shredded
187,500,100g 
187,471,50g
187,41,100g 
187,115,4 tbs
187,499,3 tbs
187,347,250g
187,417,150g
187,41,50g
188,91,2 cups 
188,333,2 cups 
188,157,1/4 tsp
188,154,1
188,20,1
188,268,2 cups 
188,123,4
188,103,1
188,240,1 cup 
188,555,4 oz 
188,327,2 tbs
188,364,1
188,149,3 cloves
188,289,3
188,75,2 tsp
188,555,4 oz 
188,305,3 tbs
188,309,1/3 cup
189,325,4 meaty shanks
189,137,½ cup
189,224,2 tablespoons 
189,41,3 tablespoons
189,364,1 medium chopped into ½-inch pieces
189,49,1 chopped into ½-inch pieces
189,55,1 chopped into ½-inch pieces
189,393,1 bulb chopped into ½-inch pieces
189,149,3 cloves
189,229,2 strips
189,207,1 ½ teaspoons
189,20,1
189,117,1 cup
189,68,½ cup 
189,317,1 cup chopped with juice
189,237,2 tablespoons chopped
189,149,1 teaspoon minced
189,199,1 teaspoon grated 
190,516,450g
190,364,1 chopped
190,301,1
190,149,2 cloves minced
190,154,1 tsp 
190,515,1 chopped
190,296,2 tbs
190,144,1 chopped
190,327,2 tbs
190,333,350ml
190,517,200g
190,354,1 tbs
190,333,2 tbs
191,270,6oz/180g
191,109,2 tbsp
191,231,2 tbsp
191,296,2 tsp
191,337,2 tsp
191,305,2 tsp
191,333,2 tbsp
191,239,2 tbsp
191,149,2 cloves
191,1,1 cup
191,483,1
191,76,4 cups
192,253,800g
192,227,3
192,224,2 tblsp
192,68,100ml
192,101,1 pot
192,234,Topping
192,66,4
192,14,4
192,299,Topping
192,241,Topping
193,327,Dash
193,25,1 Can
193,253,5 thin cut
193,61,2 cups
194,298,300g
194,224,1 tbls
194,364,1 finely chopped 
194,149,2 cloves minced
194,259,1
194,316,1 tbls
194,362,425g
194,363,70g
194,234,Shaved
195,391,4 tbsp
195,4,350g
195,364,1 large
195,149,10
195,49,1 thinly sliced
195,131,1 tsp 
195,394,2 tblsp 
195,328,600ml
195,316,1 tblsp 
195,396,2 sticks
195,237,Handful
195,395,400g
195,36,2 tblsp 
195,223,drizzle
195,35,to serve
195,37,to serve
196,137,100g 
196,123,2 large
196,211,300ml 
196,307,1 tbls
196,305,to serve
196,408,to serve
196,409,to serve
197,418,750g
197,419,350g
197,248,Dusting
197,52,140g
197,281,½ tsp
197,222,½ tsp
197,84,1 tsp 
197,123,2 Beaten 
197,41,25g
197,211,175g
197,347,1 tblsp 
198,41,50g
198,420,175g
198,421,5
198,403,500g
198,238,175g
198,158,175g
198,211,150ml
198,115,275ml
198,413,2 tblsp 
198,422,Crushed
199,354,1 tsp 
199,228,Juice of 2
199,228,Zest of 1
199,52,2 tbs
199,423,6
199,409,250g
199,286,200g
199,41,50g
199,217,100g 
199,84,1 tsp 
199,211,6 tblsp
200,41,200g
200,483,1 large
200,211,4 tbs
200,158,200g
200,30,85g
200,40,85g
200,481,100g 
200,286,250g
200,171,1 tbs
201,495,8
201,52,100g 
201,41,100g 
201,497,2
201,47,3 Pods
201,84,1 large
201,34,2 tbs
201,255,500g
202,123,10
202,224,1 tbs
202,426,2 finely chopped
202,301,3 finely chopped
202,264,4
202,150,1 clove peeled crushed
202,259,1
202,346,300g
202,211,6 tblsp
202,494,4 tbs
202,17,2 tbs
202,273,to serve
202,234,to serve
203,498,450g
203,224,4 tbs
203,364,1 large
203,393,1 large
203,49,2 chopped
203,117,150ml
203,34,1 tbs
203,80,400g
203,361,1L
203,232,2 pinches
203,115,150ml
203,254,8
204,253,4 cups 
204,41,60ml
204,211,½ cup 
204,387,450g
204,364,1 finely chopped 
204,503,500ml
204,232,to taste
204,237,to taste
204,281,Dash
204,244,Dash
205,41,½ cup 
205,305,1 cup 
205,123,2
205,324,1 tsp 
205,137,2 cups 
205,15,1 tsp 
205,211,1 1/4 cup
205,412,1 1/2 cup 
205,40,1 1/2 cup 
205,486,1 1/2 cup 
205,41,1/3 cup
206,238,1 cup 
206,305,1/2 cup 
206,483,1
207,333,150ml
207,305,1 tsp 
207,475,15g
207,248,225g
207,281,1 1/2 tsp 
207,224,Drizzle
207,377,80g
207,402,70g
207,230,Peeled and Sliced
207,17,Leaves
207,29,Pinch
208,137,1 cup 
208,281,1/4 tsp
208,483,1 Yolk
208,483,1
208,41,5 tbs
208,41,6 tblsp
208,364,1/3 cup
208,447,1/2 cup 
208,23,1/2 lb
208,123,2 Beaten 
208,281,1 tsp 
208,244,1/4 tsp
209,41,2 tbs
209,78,1/3 cup
209,596,1 1/2 cups 
209,41,3 tbs
209,78,1/2 cup 
209,253,2 cups 
209,123,3
209,295,1 pot
209,137,3 cups 
209,281,1/4 tsp
209,15,1 tbs
210,137,1 cup 
210,123,2
210,211,1 cup 
210,333,3/4 cup 
210,281,Pinch
210,305,1 tsp 
210,41,3 tbs
211,1,1.5kg
211,259,3 chopped
211,149,2 cloves
211,154,1 tsp 
211,116,1 tsp 
211,95,1 tsp 
211,232,1 tsp 
211,394,2 tbs
211,223,2 tbs
211,263,1 sliced
211,49,2
211,604,1
211,440,4 leaves
211,576,2 tbs
211,162,2 tbs
211,394,2 tbs
211,105,1 tsp 
212,149,1 clove
212,24,2 small
212,224,2 tbs
212,332,1 tbs
212,237,Leaves
212,606,2
212,273,2 handfulls
212,18,Small bunch
212,237,Small bunch
212,184,1
212,332,1 tbs
212,301,2 chopped
212,149,1/2 
212,52,1/2 tsp
213,4,2
213,338,200ml
213,232,1/2 tsp
213,197,2
213,198,1/2 
213,224,Dash
213,576,To serve
213,253,1 kg
213,327,For frying
214,227,2 finely chopped
214,264,1 Diced
214,95,Small bunch
214,259,1 small
214,149,3 cloves
214,117,400ml
214,276,Pinch
214,20,1
214,253,300g
214,249,400g
214,508,600g
214,360,300g
214,498,8
214,376,500g
214,355,500g
214,444,1 sliced
215,248,2 tbs
215,347,2 tbs
215,255,375g
215,52,250g
215,199,2 strips
215,84,1 Stick
215,123,2
215,122,4
215,354,50g
215,339,500ml
215,323,Pod of
215,84,To serve
216,253,4
216,49,3
216,281,1 tbs
216,541,1/2 tbs
216,123,4
216,283,7 oz 
216,113,4 oz 
216,241,1 can 
216,227,4
216,576,1 cup 
217,224,2½ tbsp
217,182,6 cut into 1.5cm-thick slices
217,364,1 large peeled and chopped
217,130,1 trimmed and roughly chopped; reserve any fronds to garnish
217,294,½ tsp
217,149,1 clove, peeled and sliced
217,131,2 tsp lightly toasted and then gently crushed
217,266,100ml
217,80,400g tinned
217,52,½ tsp
217,246,50g cut in half lengthways
217,272,500g
217,242,30g roughly crumbled into 0.5cm pieces
217,555,1  rinsed and patted dry
217,149,1 clove, peeled and crushed
217,224,60ml
217,18,50g torn
218,213,2 cups
218,77,3 cups
218,238,½ cup
218,324,1 tsp
218,240,1 ¼ cups
219,205,4
219,259,18 dried
219,154,1 inch
219,149,8 cloves
219,244,1.5 tsp
219,104,1 tsp
219,320,½ tsp
219,85,
219,87,4
219,47,2
219,305,1 tbsp
219,308,2 marble sized
219,332,2.5 tbsp
219,223,for frying
220,224,5 tablespoons
220,364,1 chopped
220,49,1 chopped
220,55,1 stalk chopped
220,149,1 tablespoon minced
220,46,2 cups
220,45,1
220,333,4 cups
220,396,1 fresh sprig
220,313,1 fresh sprig
220,187,1 pound chopped
220,341,4 thick slices
220,263,1 thinly sliced
220,234,½ cup freshly grated
221,224,2 tablespoons
221,49,2 small cut into chunks
221,55,2 small stalks
221,364,1 medium finely diced
221,149,6 medium cloves sliced
221,38,12 ounces (340g)
221,21,2
221,333,4 cups
221,281,Pinch
221,9,2 teaspoons (10ml)
221,244,Pinch
221,119,2 large
221,396,4 sprigs
221,245,1/4 cup 
221,237,2 tablespoons
222,286,225g
222,52,75g
222,15,1 tsp 
222,41,125g
222,477,150g
222,123,1
222,211,1 tbs
222,324,2 tsp
223,11,2 large
223,426,4
223,424,2
223,365,4 large
223,224,5 tbs
223,17,Bunch
223,364,1 medium
223,150,3 finely chopped
223,394,1 tsp 
223,305,1 tsp 
224,41,2 tbs
224,227,2 chopped
224,68,4 qt 
224,65,1.5kg
224,253,4kg
224,281,2 tbs
224,29,1tbsp
225,435,2 cups 
225,49,1 large
225,301,2 chopped
225,313,4 sprigs
225,364,1 Diced
225,29,1/2 tsp
225,264,2 chopped
225,150,4 Mashed
225,548,1 tbs
225,3,2 Lbs
225,333,2L
225,253,4
225,248,1 cup 
225,333,1/4 cup
225,91,1 cup 
226,513,6 small
226,393,4 small
226,264,1 thinly sliced
226,426,1 medium
226,364,1 finely chopped 
226,514,300g
226,232,1 tsp 
226,276,pinch
226,338,200ml
226,328,700ml
226,501,100g 
226,197,1 chopped
226,237,Handful
226,281,pinch
226,29,pinch
227,67,4 Chopped
227,227,2 large
227,49,5 chopped
227,196,1 chopped
227,55,1 small
227,440,1/4 
227,87,1 whole
227,548,1tsp
227,20,2
227,237,4 sprigs
227,113,4 sprigs
227,244,1 tsp 
227,281,1 tbs
228,41,1 cup 
228,122,3
228,346,8 oz 
228,15,1 tsp 
228,137,3 cups 
228,599,1 Jar
229,387,1/4 lb
229,364,1
229,123,3
229,74,1 tbs
229,444,1/2 
229,281,To taste
229,244,To taste
229,576,Top
230,227,2
230,224,1tbsp
230,149,1 clove
230,195,500g
230,218,90g
230,116,1tsp
230,317,400g can
230,179,300ml
230,316,1tbsp
230,342,1tbsp
230,298,350g
230,234,Topping
231,243,1 pound
231,224,1/4 cup
231,149,3 cloves
231,80,1 tin 
231,258,1/2 teaspoon
231,183,1/2 teaspoon
231,17,6 leaves
231,236,sprinkling
232,224,1 tbls
232,364,1
232,196,1 chopped
232,149,3 cloves
232,104,4 tsp ground 
232,95,2 tsp ground
232,293,1 tsp
232,84,1/2 tsp
232,72,1 tsp
232,89,1 tsp
232,116,1/2 tsp
232,111,1 can
232,333,3 cups
232,49,3 chopped
232,38,1 1/2 cups
232,284,1 tsp
232,302,1 Small
232,51,1 Cup
232,9,1 tsp
233,209,225g
233,333,175ml Boiling
233,324,1 tsp
233,286,175g
233,27,1 tsp
233,123,2
233,41,85g
233,110,140g
233,30,2 tbsp
233,211,100ml
233,181,1 scoop
233,217,175g
233,41,50g
233,115,225ml
233,30,1 tbsp
234,292,650g/1lb 8 oz
234,175,1 tsp
234,224,2 tsp
234,197,juice of half
234,301,4
234,273,150g/6oz
234,133,80g/3oz
234,214,20 chopped
234,245,2 tablespoons
234,281,Pinch
234,244,Pinch
235,224,4 tablespoons
235,119,6 small
235,175,½ tablespoon
235,71,1 can
235,62,2 cups halved
235,162,1 1/2 cups
235,170,1 tablespoon
235,237,½ cup 
236,41,50g/2oz
236,364,1 finely chopped 
236,268,150g
236,338,125ml 
236,328,1 litre hot
236,197,The juice and zest of one
236,189,240g large
236,2,150g
236,10,100g tips blanched briefly in boiling water
236,29,ground
236,234,50g shavings
237,112,250g
237,345,75g
237,41,135g
237,346,450g
237,324,1tsp
237,347,100g 
237,349,150g
237,284,1tsp
237,115,300ml 
237,350,drizzle
237,348,Top
237,345,Top
238,355,400g
238,254,8
238,276,2 pinches
238,358,350g
238,224,5 tblsp 
238,227,1 large
238,149,3 cloves
238,232,2 tbs
238,357,1 tail
238,359,4
238,361,650ml
238,317,2 large
238,197,Juice of 1
238,237,Topping
239,224,3 tbsp
239,149,8 cloves chopped
239,52,3 tbsp
239,394,2 tblsp 
239,80,3 400g Cans
239,18,Bunch
239,401,2 tubs
239,211,3 tbsp
239,234,85g
239,402,2 sliced
239,299,1kg
239,234,100g 
239,403,3 tubs
239,222,pinch
239,46,400g
240,383,350g
240,149,3 parts 
240,224,3 tbs
240,371,350g
240,277,Small bunch
241,364,1 sliced
241,224,4 tbsp
241,41,25g
241,253,400g
241,149,6 cloves
241,123,8
241,237,Handful
241,444,1
241,445,4
241,224,drizzle
242,255,300g
242,121,Beaten
242,122,Beaten
242,327,2 tbs
242,3,70 ml 
242,452,200g
242,227,2 chopped
242,248,30g
242,26,85 ml 
242,281,pinch
242,244,pinch
242,342,Dash
243,41,100g 
243,217,175g
243,123,2 large
243,286,225g
243,15,1 tsp 
243,27,1 tsp 
243,30,3 tbs
243,211,275ml
243,115,to serve
243,41,100g 
243,217,125g
243,30,1 tbs
243,115,300ml 
243,324,1 tsp 
244,286,250g
244,281,pinch
244,446,125g
244,458,175g
244,52,80g
244,197,Zest of 1
244,228,Zest of 1
244,211,150ml
244,459,to serve
245,304,300g
245,462,250g
245,461,100g 
245,408,500g
245,52,175g
245,35,7 Slices
246,378,1 tbs
246,196,2 finely chopped
246,426,1 large
246,328,1L
246,46,400g
246,163,200g
246,317,3 chopped
246,150,3 chopped
246,17,Small pack
246,234,40g
247,448,1kg
247,241,200g (soaked overnight)
247,227,2 chopped
247,49,2 chopped
247,21,2
247,55,1 chopped
247,501,300g
247,35,to serve
248,40,2 cups 
248,41,¼ cup
248,123,2
248,324,1 tsp 
248,281,1 tsp 
248,248,½ cup 
248,211,1 1/2 cups 
249,507,2 tbs
249,24,4
249,26,1 1/2 cup 
249,41,2 tbs
249,149,2 cloves minced
249,57,1 medium finely diced
249,218,4 oz 
249,34,¼ cup
249,176,¼ cup
249,505,1 tbs
249,342,1 tbs
249,506,Dash
249,237,1 tbs minced
249,494,1 tbs minced
249,281,to taste
249,244,to taste
250,509,450g
250,510,400g
250,364,1 chopped
250,232,1 tsp 
250,106,2 tsp
250,186,2 tsp
250,180,1 tsp 
250,264,1 sliced
250,424,1 sliced
250,317,200g
250,281,to taste
250,244,to taste
250,286,250g
250,446,30g
250,281,pinch
250,224,for frying
251,4,200g
251,483,1
251,333,Dash
251,281,1/2 tsp
251,305,1 tsp 
251,296,10g
251,528,10g
251,316,30g
251,332,10g
251,95,Dash
252,3,1/2 lb
252,281,1/2 tsp
252,443,1 tsp 
252,244,1 pinch
252,121,1
252,528,3 tbs
252,223,4 tbs
252,154,1 tsp 
252,149,1 tsp 
252,364,3/4 cup 
252,49,1/2 cup 
252,425,3/4 cup 
252,55,1 cup 
252,218,1 cup 
252,530,1 tbs
252,333,1 cup 
252,231,1 tbs
252,180,1/2 tsp
252,305,1 tsp 
252,296,1 tbs
253,270,1/2 bag
253,254,8 oz 
253,483,1/2 
253,244,pinch
253,443,2 tsp
253,99,2 tbs
253,223,4 tbs
253,212,1 tsp 
253,154,1 tsp 
253,364,1/2 cup 
253,533,1 cup 
253,301,1/2 cup 
253,530,1 tbs
253,231,1 tbs
253,305,1/2 tbs
253,332,1/2 tbs
253,296,1 tbs
254,2,400g
254,5,3
254,103,1
254,299,400g
254,214,4 tbs
254,202,zest and juice of 1
254,177,2 tsp
254,224,3 tbs
255,123,4
255,541,2 tbs
255,539,2
255,41,To serve
255,542,8 slices
255,198,2 tsp
255,541,2 tsp
255,483,3 Yolkes
255,491,125g
256,224,1 tbs
256,263,2 chopped
256,259,1 finely chopped 
256,149,1 clove
256,95,Chopped
256,62,800g
256,52,1 tbs
256,123,4
256,133,Spinkling
257,41,50g
257,364,1 chopped
257,47,3 Pods
257,320,1/4 tsp
257,85,1 small
257,20,Sprigs of fresh
257,19,450g
257,68,1 Litre
257,455,750g
257,123,3
257,237,3 tblsp chopped
257,197,1 chopped
258,253,1.5kg
258,20,2 leaves
258,289,2
258,41,3 tbs
258,187,750g
258,283,2
258,211,500ml
258,222,Grated
258,281,Pinch
258,244,Pinch
259,333,2L
259,241,300g
259,4,100g 
259,329,1
259,55,2
259,49,2
259,253,1 large
259,364,1 small
259,196,1 small
259,54,1 cup 
259,283,1 pound
260,298,320g
260,122,6
260,281,As required
260,14,150g
260,242,50g
260,29,As required
261,253,5
261,49,12 ounces
261,525,1
261,149,2 cloves
261,35,1 Slice
261,151,1
261,296,2
261,512,1
261,327,1 tsp 
261,305,2 tsp
261,41,2 tbsp
262,253,2
262,488,1
262,149,2 cloves
262,197,1
262,4,2
262,344,1
262,68,1
262,327,1 tbsp
262,305,1 1/2 tsp 
262,41,2 tbsp
263,137,350g
263,281,1 tsp 
263,305,2 tbs
263,41,1 cup 
263,333,1/2 cup 
263,578,450g
263,304,450g
263,99,3 tbs
263,305,150g
263,84,1/4 tsp
263,198,1 tsp 
263,491,2 tbs
263,211,2 tbs
263,305,Spinkling
264,317,4 large
264,305,Pinch
264,224,4 tbs
264,364,1 chopped
264,150,2 finely chopped
264,191,200g
264,84,1 tbs
264,316,2 tbs chopped
264,268,50g
264,68,100ml
264,113,4 tbs
264,79,2 tbs
264,214,1 tbs
265,598,8
265,364,1 sliced
265,224,1/2 cup 
265,548,1 tsp 
265,244,1 tsp 
265,20,1
266,70,1 kg
266,95,1 tbs
266,104,1 tbs
266,47,1 tbs
266,53,1 tsp 
266,232,2 tsp
266,198,2 tbs
266,224,3 tbs
266,162,1 cup 
266,150,1
266,104,1 tsp 
266,198,Splash
266,201,Sliced
266,365,Sliced
266,579,6
267,301,1  bunch
267,224,Dash
267,259,1 finely sliced
267,149,1 clove
267,254,350g
267,133,75g
267,41,15g
267,248,250g
267,483,1 Seperated
267,541,1/2 tsp
268,268,400g
268,91,150ml
268,333,100ml
268,281,1 tsp 
268,354,5 tbs
268,137,3 tbs
268,123,3
268,90,200ml
268,305,140g
269,601,300ml 
269,529,100ml
269,52,2 tbs
269,576,3 tbs
269,529,1 tbs
269,296,1 tbs
269,103,1
270,425,4 whole
270,224,1 tablespoon
270,364,1 small finely diced
270,149,2 cloves minced
270,581,1 cups
270,554,1 can 
270,390,1 cup 
270,111,1 can 
270,104,1 teaspoon
270,72,½ tsp
270,293,½ tsp
270,281,To taste
270,244,To taste
270,290,1 1/2 cup 
270,83,Chopped
271,304,2 pint 
271,305,4 tbs
271,560,4 tbs
271,100,1 cup 
271,295,1/4 cup
272,296,3/4 cup
272,333,1/2 cup
272,40,1/4 cup
272,171,1/2 teaspoon
272,212,1/2 teaspoon
272,99,4 Tablespoons
272,66,2
272,303,1 (12 oz.)
272,39,3 cups
273,200,2 Juice
273,232,4 tsp
273,263,2 finely chopped
273,70,16 skinnless
273,327,For brushing
273,162,300ml 
273,154,large piece
273,150,4
273,148,¾ tsp
273,170,¾ tsp
273,75,½ tsp
273,320,¼ tsp
274,253,225g new
274,163,100g 
274,307,1 tbsp
274,149,1 clove
274,311,4 tsp 
274,91,400ml
274,310,2 tsp
274,305,1 tsp
274,1,450g boneless
274,202,2 fresh kaffir leaves
274,17,handfull
274,268,Boiled
275,283,8
275,327,3 tbsp
275,248,100g
275,123,2 medium
275,178,1 tbsp grated
275,211,225ml
275,62,200g
276,224,1 tblsp 
276,364,1 large
276,149,1 clove peeled crushed
276,342,2 tblsp 
276,316,3 tsp
276,388,500g
276,123,1 large
276,36,85g
276,389,2 tblsp 
276,46,800g
276,237,2 tblsp 
277,253,450g
277,224,2 tblsp 
277,123,4
277,394,1 tbls
277,406,2 tblsp 
277,307,50g
277,263,½
277,299,100g 
277,319,400g
278,437,50g
278,197,zest and juice of 1
278,224,2 tblsp 
278,263,1 chopped
278,149,1 clove peeled crushed
278,424,1 thinly sliced
278,163,200g
278,426,1 sliced
278,187,100g shredded
278,433,250g pack
279,253,1kg
279,41,Knob
279,211,Dash
279,172,50g
279,41,75g
279,196,2 sliced
279,248,75g
279,338,150ml
279,211,568ml
279,237,2 tbs chopped
279,2,250g
279,454,250g
279,455,250g
279,123,6
280,248,250g
280,41,135g
280,158,400g
280,36,150g
280,200,Zest of 2
280,123,1 beaten
281,255,300g
281,248,Dusting
281,464,6
281,52,100g 
281,41,85g
281,101,to serve
282,41,50g
282,234,25g
282,211,300ml 
282,21,2
282,248,5 tbs
282,125,½ tsp
282,53,Pod of
282,172,140g
282,123,3
282,489,8 slices
282,115,150ml
282,299,to serve
283,253,1 medium
283,307,1 tsp 
283,502,500g
283,364,1 finely chopped 
283,150,1 finely chopped 
283,84,¼ tsp
283,548,¼ tsp
283,222,¼ tsp
283,328,100ml
283,419,400g
283,483,To Glaze
284,137,2 cups 
284,305,1/3 cup
284,15,3 tsp
284,281,½ tsp
284,483,1 beaten
284,211,¾ cup
284,223,3 tbs
284,223,for frying
284,347,garnish
285,228,1 large
285,52,300g
285,224,75 ml 
285,137,280g
285,15,1 tbs
285,123,4 large
285,324,2 tsp
286,193,500g
286,149,2 cloves minced
286,364,1
286,299,300g
286,316,3 tbs
286,104,1 tbs
286,68,1 Litre
286,175,3 tsp
286,71,400g
286,198,1/2 
286,204,150g
286,281,Pinch
286,244,Pinch
287,224,2 tbs
287,301,8
287,299,200g
287,557,4
287,319,1 can 
287,123,2
287,180,Dash
287,317,4 Chopped
287,103,1/4 
287,198,1 tbs
287,469,4 tbs
288,517,3 cups 
288,301,6
288,150,4
288,237,1/4 cup
288,104,2 tsp
288,15,1 tsp 
288,53,1/2 tsp
288,137,Spinkling
288,327,As required
289,570,4
289,137,100g 
289,123,2 Beaten 
289,36,100g 
289,327,Fry
289,315,2 tbs
289,342,2 tbs
289,231,1 tbs
289,52,2 tblsp 
290,3,500g
290,227,2 chopped
290,49,2 chopped
290,149,2 cloves
290,20,2
290,266,200ml
290,333,2 Litres
290,219,3 tbs
290,281,1tbsp
290,244,1/2 tsp
290,232,1/2 tsp
290,327,2 tbs
291,119,4
291,123,2
291,281,1 tsp 
291,224,4 tsp
292,167,1 cups
292,49,1
292,364,1
292,344,1 small
292,95,sprinking
292,299,150g
292,194,10
292,326,35g
292,137,4 tablespoons
292,297,300ml
292,219,1.5 teaspoons
292,332,1 teaspoon
293,286,1 1/4 cup
293,88,1/2 cup
293,43,1/3 cup raw
293,15,1 tsp
293,136,2
293,546,1/2 cup
293,323,1 tsp
293,333,1/2 cup boiling
294,4,1.5 pounds sliced
294,271,1 package thin
294,120,4-6
294,57,3 tablespoons minced
294,149,1.5 tablespoons minced garlic
294,305,¼ cup
294,134,1 tablespoon
294,296,½ tablespoon thick
294,244,½ tablespoon
294,224,3 tablespoons
294,103,Sliced
294,214,Leaves
294,240,Crushed
295,224,1 tbls
295,367,4
295,227,2 finely chopped
295,149,2 cloves minced
295,84,2 tsp ground
295,248,2 tsp
295,266,250ml
295,80,800g
295,368,1
295,396,3 sprigs
295,21,2
295,305,1 tsp 
295,211,2 tbs
295,370,600g
295,235,Grated
296,378,1
296,364,1
296,149,3 cloves
296,232,1 tsp 
296,104,½ tsp
296,313,1 tblsp 
296,49,3 Medium
296,55,2 small stalks
296,264,1
296,424,1
296,365,2 x 400g tins
296,329,250ml
296,426,2 sliced
296,313,2 sprigs
296,433,250g
297,434,400g
297,435,1 can 
297,80,1 can 
297,436,1 Packet
298,253,3 Lbs
298,292,3 Lbs
298,282,1/2 cup 
298,218,1 oz 
298,38,3/4 cup 
298,149,6 cloves
298,190,1 tsp 
298,364,3 cups 
298,316,2 tbsp
298,21, 
298,224, 
298,117,2 cups 
298,328,8 cups 
298,99,2 tbsp
298,296,2 tsp
298,396,2 sprigs
298,237, 
298,277, 
298,494, 
299,115,568ml
299,334,100g 
299,323,Pod of
299,122,6
299,52,2 tbs
299,52,Top
300,4,1lb
300,150,3 chopped
300,154,1 tsp 
300,296,1 tbs
300,443,1 tsp 
300,49,3 finely chopped
300,55,3 finely chopped
300,301,6 chopped
300,527,1 Packet
300,223,Fry
300,333,Bottle
301,137,450g
301,52,55g
301,475,2 parts 
301,281,1/2 tsp
301,211,6 oz 
301,123,2 Beaten 
301,41,30g
301,410,140g
301,41,85g
301,40,85g
301,84,1 tsp 
301,211,To Glaze
301,347,To Glaze
302,439,250g
302,443,2 tbs
302,364,1 sliced
302,440,0.25
302,441,10
302,301,4
302,442,4 tbsp
302,296,2 tbs
302,52,1 tblsp 
302,342,1 tblsp 