recipeId,ingredientId,quantity,quantity_type,required
1,112,175,g,1
1,41,75,g,1
1,33,200,g,1
1,282,75,g,1
1,52,75,g,1
1,141,2,,1
1,169,75,g,1
1,550,1,tsp,1
1,135,50,g,1
2,248,120,g,1
2,52,60,g,1
2,41,60,g,1
2,464,300,g,1
2,41,30,g,1
2,110,30,g,1
2,462,120,g,1
2,84,0.25,teaspoon,1
2,181,0,to serve,1
3,211,200,ml,1
3,223,60,ml,1
3,123,2,,1
3,137,1600,g,1
3,15,3,tsp,1
3,281,0.5,tsp,1
3,491,25,g,1
3,305,45,g,1
3,238,3,tbs,1
4,70,6,,1
4,57,16,,1
4,154,1 1/2,,1
4,150,6,,1
4,53,8,,1
4,320,2,tbs,1
4,104,1 1/2,,1
4,95,1 1/2,,1
4,393,1 1/2,,1
4,309,2,tbs,1
4,91,1,can,1
4,305,1,tsp,1
4,333,1,cup,1
5,248,175,g,1
5,73,75,g,1
5,93,3.00,tbsp,1
5,256,1,tbsp,1
5,41,125,g,1
5,52,125,g,1
5,169,125,g,1
5,140,1,,1
5,550,0.5,tsp,1
5,135,50,g,1
6,41,25,g,1
6,35,8,thin slices,1
6,306,50,g,1
6,84,2,tsp,1
6,211,350,ml/12fl,1
6,115,50,ml,1
6,123,2,free-range,1
6,305,25,g,1
6,222,0,grated to taste,1
7,218,400,g,1
7,125,2.00,tbsp,1
7,224,0,Dash,1
7,24,750,g piece,1
7,233,7.00,slices,1
7,255,500,g,1
7,137,0,Dusting,1
7,122,2,Beaten,1
8,11,1,large,1
8,364,0.5,cup,1
8,317,1,cup,1
8,149,6,cloves,1
8,165,1,,1
8,261,0.25,teaspoon,1
8,223,1.5,tablespoon,1
8,96,1,tablespoon chopped,1
8,281,0,as required,1
9,23,4.00,pound,1
9,281,0,Dash,1
9,364,3,,1
9,149,5,cloves,1
9,313,1,Sprig,1
9,396,1,sprig,1
9,21,4,,1
9,26,2,cups,1
9,49,3,Large,1
9,219,1,Tbsp,1
9,253,4,Mashed,1
10,3,8,slices,1
10,37,12,florets,1
10,253,1,Packet,1
10,49,1,Packet,1
10,248,140,g,1
10,123,4,,1
10,211,200,ml,1
10,307,0,drizzle (for cooking),1
11,3,1,kg,1
11,227,3,,1
11,149,4,cloves,1
11,224,0,Dash,1
11,81,300,g,1
11,104,2,tsp,1
11,548,2,tsp,1
11,87,1,tsp,1
11,85,1,large,1
11,21,3,,1
11,230,2,tsp dried,1
11,545,2,ancho,1
11,16,3,tbsp,1
11,249,800,g,1
11,315,2,tbsp,1
11,107,2,tbsp,1
11,31,800,g tins,1
12,224,1,tbls,1
12,227,1,,1
12,149,1,clove,1
12,41,1,tbsp,1
12,218,250,g,1
12,24,500,g,1
12,248,1,tbsp,1
12,101,150,g,1
12,125,1,tbsp,1
12,26,100,ml,1
12,237,0,Topping,1
13,378,2,tblsp,1
13,364,1,finely chopped,1
13,55,1,,1
13,196,1,sliced,1
13,253,1,medium,1
13,41,1,knob,1
13,328,1,litre hot,1
13,37,1,Head chopped,1
13,379,140,g,1
14,283,8,large,1
14,399,1,Jar,1
14,397,1200,g,1
14,30,1,tbls,1
14,125,1,tsp,1
15,407,1,large,1
15,123,2,medium,1
15,15,0,pinch,1
15,324,0,sprinkling,1
15,223,1,tsp,1
15,411,25,g,1
15,408,125,g,1
16,224,2,tbs,1
16,41,25,g,1
16,3,750,g,1
16,248,2,tblsp,1
16,149,2,cloves minced,1
16,227,175,g,1
16,55,150,g,1
16,49,150,g,1
16,196,2,chopped,1
16,447,200,g,1
16,266,150,ml,1
16,26,500,g,1
16,20,2,,1
16,313,3,tbs,1
16,237,3,tblsp chopped,1
16,248,125,g,1
16,15,1,tsp,1
16,446,60,g,1
16,333,0,Splash,1
17,3,1,kg,1
17,248,2,tbs,1
17,378,2,tbs,1
17,266,200,ml,1
17,26,400,ml,1
17,364,1,finely sliced,1
17,49,2,chopped,1
17,313,3,sprigs,1
17,219,2,tbs,1
17,122,2,free-range,1
17,255,400,g,1
17,163,300,g,1
17,41,25,g,1
17,281,0,pinch,1
17,244,0,pinch,1
18,3,900,g,1
18,224,3,tbs,1
18,289,3,,1
18,149,2,cloves minced,1
18,14,125,g,1
18,313,1,tbs chopped,1
18,20,2,,1
18,450,330,ml,1
18,26,400,ml,1
18,354,2,tbs,1
18,449,8,,1
18,248,400,g,1
18,281,0,pinch,1
18,41,250,g,1
18,123,0,To Glaze,1
19,463,50,g,1
19,41,125,g,1
19,52,150,g,1
19,197,0,Grated,1
19,248,150,g,1
19,15,0.5,tsp,1
19,462,600,g,1
19,305,75,g,1
19,52,2,tbs,1
19,198,1,tbs,1
19,115,300,ml,1
19,343,100,ml,1
19,214,0,Garnish with,1
20,41,175,g,1
20,52,175,g,1
20,286,140,g,1
20,471,50,g,1
20,15,0.5,tsp,1
20,123,3,Medium,1
20,324,0.5,tsp,1
20,550,0.25,teaspoon,1
20,41,175,g,1
20,52,175,g,1
20,286,140,g,1
20,471,50,g,1
20,15,0.5,tsp,1
20,123,3,Medium,1
20,324,0.5,tsp,1
20,550,0.25,teaspoon,1
20,466,0.5,tsp,1
20,382,200,g,1
20,470,1,kg,1
20,347,0,Dusting,1
21,391,3,tsp,1
21,484,600,g,1
21,14,100,g,1
21,57,350,g,1
21,63,250,g,1
21,150,2,sliced,1
21,485,1,,1
21,316,1,tbs,1
21,266,750,ml,1
21,54,600,g,1
21,224,2,tbs,1
21,313,0,sprigs of fresh,1
21,396,0,sprigs of fresh,1
21,20,2,,1
21,47,4,,1
22,248,375,g,1
22,52,50,g,1
22,475,7,g,1
22,211,75,g,1
22,123,3,Large,1
22,123,0,To Glaze,1
22,41,180,g,1
22,492,250,g,1
22,490,8,slices,1
23,227,2,finely chopped,1
23,313,0,sprigs of fresh,1
23,224,2,tbs,1
23,253,1.5,kg,1
23,328,425,g,1
24,333,0.5,cup,1
24,475,2,parts,1
24,305,0.5,cup,1
24,211,0.5,cup,1
24,41,6,tblsp,1
24,123,2,,1
24,281,1.5,tsp,1
24,137,2.5,cups,1
24,223,0,for frying,1
24,197,0,garnish,1
24,305,0,garnish,1
24,84,0,garnish,1
25,1,1,whole,1
25,365,1,chopped,1
25,227,2,chopped,1
25,150,2,chopped,1
25,264,1,chopped,1
25,49,1,chopped,1
25,202,1,,1
25,313,2,tsp,1
25,548,1,tsp,1
25,296,2,tbs,1
25,99,2,tsp,1
25,91,2,cups,1
25,327,1,tbs,1
26,3,0.5,lb,1
26,281,0,pinch,1
26,244,0,pinch,1
26,443,2,tsp,1
26,483,2,Jan,1
26,528,3,tbs,1
26,223,5,tbs,1
26,534,0.25,lb,1
26,364,0.5,cup,1
26,212,1,tsp,1
26,154,1,tsp,1
26,533,1,cup,1
26,218,1,cup,1
26,333,1,cup,1
26,231,1,tbs,1
26,305,1,tsp,1
26,296,1,tsp,1
27,393,2,medium,1
27,237,2,tbs chopped,1
27,197,0,Juice of 1,1
27,62,175,g,1
27,224,1,tbs,1
27,2,350,g,1
27,363,0,to serve,1
28,403,500,g,1
28,123,4,large,1
28,137,3,tbs,1
28,305,250,g,1
28,84,1,tsp,1
28,200,0,Grated Zest of 2,1
28,536,5,tbs,1
28,347,0,sprinkling,1
29,253,3,Medium,1
29,224,1,tbs,1
29,14,2,strips,1
29,150,0,Minced,1
29,412,1,tbs,1
29,237,0,Garnish,1
29,281,0,Pinch,1
29,244,0,Pinch,1
29,548,0,To taste,1
30,41,100,g,1
30,137,150,g,1
30,26,700,ml,1
30,364,30,g,1
30,237,1,tbs,1
30,3,400,g,1
30,281,0,Pinch,1
30,244,0,Pinch,1
30,222,0,Pinch,1
30,137,50,g,1
30,123,2,Beaten,1
30,36,50,g,1
31,253,2,,1
31,263,1,,1
31,149,2,cloves,1
31,202,1,,1
31,35,2,,1
31,4,1,lb,1
31,389,0,White,1
31,180,1,,1
31,315,1,,1
31,305,3,,1
31,327,1,,1
31,281,3,,1
31,244,1,lb,1
32,268,2,,1
32,364,400,g,1
32,202,2,tbs,1
32,150,2,,1
32,103,0,Chopped,1
32,49,4,Jan,1
32,512,2,sliced,1
32,296,2,large,1
33,387,1,cup,1
33,224,2,tsp,1
33,583,0,Pinch,1
33,364,2,tsp,1
33,586,1.5,tsp,1
33,60,1.5,tsp,1
33,582,0.5,tsp,1
33,576,2,sliced,1
33,541,1,lb,1
33,244,1,lb,1
33,219,0.25,cup,1
33,226,3,chopped,1
33,151,1,Diced,1
33,232,1.5,cup,1
34,14,4,cups,1
34,594,1,Jar,1
34,4,0.25,cup,1
34,137,1,,1
34,149,1,tsp,1
34,364,1,tsp,1
34,218,1,tbs,1
34,440,0.125,teaspoon,1
34,596,1,dash,1
34,266,5,Cups,1
34,20,2,tbs,1
34,17,1,cup,1
34,207,1,dash,1
34,232,4,large,1
34,597,1,bunch,1
34,180,100,g,1
34,26,1,,1
34,316,150,ml,1
34,111,1,tsp,1
34,342,3,tbs,1
35,253,2,tbs,1
35,301,6,,1
35,248,12,,1
35,121,6,,1
35,211,1,lb,1
35,27,5,tbs,1
35,41,1,,1
35,327,3,,1
35,62,3,,1
35,14,3,,1
35,483,1,cup,1
36,3,1,cup,1
36,327,2,tbs,1
36,85,6,,1
36,87,1,tbs,1
36,497,5,,1
36,47,1,Packet,1
36,90,150,g,1
36,333,150,g,1
36,309,40,g,1
36,202,0,Dash,1
36,305,0,Dash,1
36,57,3,cloves,1
37,557,1,sliced,1
37,387,2,Lbs,1
37,364,8,ounces,1
37,223,1,cup,1
37,281,3,tbs,1
37,244,1,Slice,1
38,149,1,large,1
38,364,0.25,cup,1
38,3,0.5,tsp,1
38,316,2,,1
38,333,0,To taste,1
38,224,1,lb,1
38,197,5,tablespoons,1
38,253,1,,1
38,296,3,cloves,1
38,29,3,parts,1
38,21,4,tbs,1
38,281,1,cup,1
39,3,1,pinch,1
39,296,2,kg cut cubes,1
39,197,1,,1
39,149,1,tbs,1
39,364,2,cups,1
39,224,1,sliced,1
39,333,1,sliced,1
39,281,1,sliced,1
40,3,1,sliced,1
40,26,8,ounces,1
40,296,3,tablespoons,1
40,333,5,,1
40,425,1,chopped,1
40,264,5,cloves,1
40,253,3,tbs,1
40,49,1.5,kg,1
40,316,1,,1
40,238,8,ounces,1
40,75,3,cups,1
40,364,6,tablespoons,1
40,149,1,tbs,1
40,224,2,tbs,1
41,3,4,,1
41,573,2,Jan,1
41,316,2,tbs,1
41,333,3,tbs,1
41,296,0.5,cup,1
41,541,1,chopped,1
41,244,4,cloves,1
41,20,2,,1
41,197,2,,1
41,399,0.5,,1
41,41,3,,1
41,224,4,tbs,1
41,364,1,,1
41,149,6,cups,1
42,35,3,,1
42,483,1,can,1
42,281,0,Garnish,1
43,604,0.5,cup,1
43,224,0.67,Cup,1
43,368,0.5,tsp,1
43,333,1,tsp,1
43,253,1,cup,1
43,46,2,tbs,1
43,113,1,Separated,1
44,607,14,,1
44,137,0.67,Cup,1
44,281,0.5,tsp,1
44,475,1,tsp,1
44,211,1,cup,1
44,41,2,tbsp,1
44,483,1,Separated,1
45,124,14,(No unit),1
45,291,3,Cups,1
45,98,6,(No unit),1
45,66,2,(No unit),1
46,247,250,g,1
46,41,175,g,1
46,211,2,tablespoons,1
46,123,5,(No unit),1
46,160,175,g,1
46,137,125,g,1
47,137,250,g,1
47,41,125,g,1
47,483,1,(No unit),1
47,281,0,Pinch,1
47,60,300,g,1
47,211,100,ml milk,1
47,123,3,(No unit),1
47,235,100,g,1
47,249,350,g,1
47,337,3,tbsp,1
47,177,1,tbsp,1
47,17,0,Topping,1
48,282,250,g,1
48,108,225,g,1
48,158,150,g,1
48,228,1,Zest of,1
48,274,500,g,1
48,82,250,g,1
49,1,1.2,kg,1
49,364,5,thinly sliced,1
49,317,2,finely chopped,1
49,149,8,cloves chopped,1
49,157,1,tbsp,1
49,327,0.25,cup,1
49,105,2,tsp,1
49,97,3,tsp,1
49,321,1,tsp,1
49,75,1,tsp,1
49,165,2,(No unit),1
49,343,1,cup,1
49,100,0.75,cup,1
49,132,3,tsp Dried,1
49,148,1,tsp,1
49,281,0,To taste,1
50,41,2,tablespoons,1
50,224,3,tablespoons,1
50,1,5,boneless,1
50,281,1,teaspoon,1
50,302,1,cut into 0.5-inch cubes,1
50,37,1,Head chopped,1
50,218,8,ounces sliced,1
50,244,1,red,1
50,364,1,chopped,1
50,149,3,cloves,1
50,265,0.5,teaspoon,1
50,338,0.5,cup,1
50,211,0.5,cup,1
50,176,0.5,cup,1
50,235,1,cup grated,1
50,32,16,ounces,1
50,281,0,pinch,1
50,244,0,pinch,1
50,237,0,chopped,1
51,204,500,g,1
51,68,2,cups,1
51,176,0.5,cup,1
51,127,1,packet,1
51,281,1,tsp,1
51,65,3,diced,1
51,224,2,tbsp,1
51,364,1,small finely diced,1
51,264,2,finely diced,1
51,149,2,cloves minced,1
51,59,1,cup,1
51,237,0,garnish chopped,1
52,44,2,tbsp,1
52,53,1,tsp,1
52,335,4,fillets,1
52,327,1,tsp,1
52,138,8,(No unit),1
52,5,1,sliced,1
52,203,2,shredded,1
52,301,4,shredded,1
52,280,300,ml,1
52,295,1,pot,1
52,197,1,(No unit),1
52,149,1,clove finely chopped,1
53,66,5.00,(No unit),1
53,330,1,bottle,1
53,104,10.5,tbsp,1
53,293,1,tbsp,1
53,149,1,tsp,1
53,267,1,can,1
53,173,12,(No unit),1
53,290,2,cups,1
53,161,0,Halved,1
53,184,0,Sliced and Seeded,1
53,5,0,Peeled and Sliced,1
53,168,2,tbsp,1
53,295,3,tbsp,1
53,211,1,tbsp,1
54,1,450,g Boneless skin,1
54,154,1,tbsp,1
54,149,1,clove,1
54,296,2,tbsp,1
54,278,1,tbsp,1
54,160,2,tsp,1
54,252,0.33,cup,1
54,327,0.33,cup,1
54,197,0.33,cup,1
55,224,10.5,tbsp,1
55,14,3,rashers (100g) chopped dry-cured,1
55,289,12,small,1
55,67,2,(460g),1
55,70,4,(650g),1
55,66,2,(280g),1
55,149,3,finely chopped,1
55,34,3,tbsp,1
55,266,600,ml,1
55,68,150,ml,1
55,316,2,tsp,1
55,313,3,sprigs,1
55,396,2,sprigs,1
55,21,2,(No unit),1
55,237,0,garnish,1
55,63,250,g,1
55,248,2,tbsp,1
55,41,1,tsp,1
56,371,280,g,1
56,373,200,g,1
56,224,2,tbsp,1
56,150,2,cloves chopped,1
56,259,1,large,1
56,189,24,Skinned,1
56,62,12,(No unit),1
56,18,0,Handful,1
56,201,0,Leaves,1
56,35,0,to serve,1
56,375,2,tbsp,1
56,202,2,Grated Zest of,1
56,52,2,tsp,1
57,376,10.5,kg,1
57,41,50,g,1
57,14,150,g,1
57,364,1,finely chopped,1
57,313,0,sprigs of fresh,1
57,20,1,(No unit),1
57,248,1,tbsp,1
57,211,150,ml,1
57,115,150,ml,1
57,253,2,medium,1
57,237,0,Chopped,1
58,224,3,tbsp,1
58,227,2,chopped,1
58,55,2,sticks,1
58,49,300,g,1
58,253,500,g,1
58,20,4,(No unit),1
58,316,5,tbsp,1
58,305,2,tbsp,1
58,337,2,tbsp,1
58,80,10.5,kg,1
58,377,500,g,1
58,329,3,(No unit),1
58,339,400,ml,1
59,41,50,g,1
59,364,1,chopped,1
59,218,100,g,1
59,248,40,g,1
59,368,1,(No unit),1
59,222,0,pinch,1
59,220,0,pinch,1
59,1,250,g,1
59,390,2,Handfuls,1
59,253,2,large,1
59,41,1,knob,1
60,224,1,tbsp,1
60,364,1,chopped,1
60,65,200,g,1
60,154,0,pinch,1
60,175,2,tbsp,1
60,405,10,(No unit),1
60,71,220,g,1
60,384,200,g,1
60,68,200,ml,1
60,95,0,Handful,1
61,407,1,(No unit),1
61,43,3,tbsp,1
61,5,1,(No unit),1
61,177,2,tbsp,1
61,198,1,tsp,1
61,323,1,tsp,1
61,333,2,tbsp,1
61,284,0,pinch,1
62,248,300,g,1
62,41,75,g,1
62,346,100,g,1
62,347,1,tbsp,1
62,41,150,g,1
62,412,200,ml,1
62,413,250,g,1
62,414,100,g,1
62,123,4,(No unit),1
62,324,1,tsp,1
62,411,400,g,1
62,415,200,g,1
63,417,200,g,1
63,416,100,g,1
63,282,250,g,1
63,413,400,g,1
63,123,4,large,1
63,248,140,g,1
63,89,50,g,1
63,408,200,g,1
64,71,400,g,1
64,224,1,tbsp,1
64,232,0,pinch,1
64,317,2,small cut chunks,1
64,263,1,finely sliced,1
64,394,2,tsp,1
64,5,1,(No unit),1
64,202,1,Juice of,1
64,202,0,Chopped,1
64,295,100,g,1
64,175,2,tsp,1
64,98,4,(No unit),1
64,95,0,to serve,1
65,68,450,ml,1
65,65,3,(No unit),1
65,41,75,g,1
65,196,2,sliced,1
65,149,2,cloves minced,1
65,248,50,g,1
65,211,200,ml,1
65,338,3,tbsp,1
65,115,150,ml,1
65,448,150,g,1
65,284,0,sprinkling,1
65,244,0,pinch,1
65,248,350,g,1
65,41,200,g,1
65,140,1,(No unit),1
65,93,1,tbsp,1
65,140,1,(No unit),1
66,253,1.5,kg,1
66,41,30,g,1
66,115,5,tbsp,1
66,122,2,(No unit),1
66,41,30,g,1
66,289,7,(No unit),1
66,49,3,chopped,1
66,55,2,sticks,1
66,150,1,finely chopped,1
66,338,4,tbsp,1
66,316,1,tbsp,1
66,427,400,g,1
66,68,350,ml,1
66,1,600,g,1
66,363,16,(No unit),1
66,237,2,tbsp,1
66,60,50,g,1
67,327,450,ml,1
67,248,400,g,1
67,27,2,tsp,1
67,305,550,ml,1
67,123,5,(No unit),1
67,281,0.5,tsp,1
67,84,2,tsp,1
67,49,500,g grated,1
67,410,150,g,1
67,346,200,g,1
67,52,150,g,1
67,41,100,g,1
68,474,500,g,1
68,281,1,tsp,1
68,475,7,g,1
68,211,300,ml,1
68,41,40,g,1
68,123,1,(No unit),1
68,327,0,Dash,1
68,41,25,g,1
68,40,75,g,1
68,84,2,tsp,1
68,477,150,g,1
68,211,2,tbsp,1
68,52,2,tbsp,1
69,486,142,ml,1
69,52,25,g,1
69,417,100,g,1
69,41,25,g,1
69,41,0,drizzle,1
69,52,50,g,1
69,417,175,g,1
69,115,2,tbsp,1
69,122,4,(No unit),1
69,121,5,(No unit),1
69,115,2,tbsp,1
69,347,0,to serve,1
70,255,320,g,1
70,414,4,tbsp,1
70,464,3,(No unit),1
70,487,4,tbsp,1
70,101,100,ml,1
70,347,1,tbsp,1
70,47,3,(No unit),1
71,224,1,tbsp,1
71,218,300,g,1
71,67,4,(No unit),1
71,377,500,g,1
71,368,1,(No unit),1
71,363,100,g,1
71,237,0,Chopped,1
72,419,375,g,1
72,123,2,large,1
72,217,175,g,1
72,457,100,g,1
72,324,1,tsp,1
72,41,50,g,1
72,486,4,tsp,1
72,410,50,g,1
73,1,1.5,kg,1
73,41,25,g,1
73,224,6,tbsp,1
73,263,2,sliced,1
73,264,3,Large,1
73,81,130,g,1
73,504,8,(No unit),1
73,149,6,cloves sliced,1
73,19,300,g,1
73,316,0,drizzle,1
73,232,0.5,tsp,1
73,21,4,(No unit),1
73,313,0,Handful,1
73,68,350,ml,1
73,117,180,g,1
73,200,2,(No unit),1
73,363,100,g,1
73,281,0,to serve,1
73,244,0,to serve,1
74,187,1,bunch,1
74,14,2,strips,1
74,149,3,cloves chopped,1
74,364,1,medium,1
74,232,0.5,tsp,1
74,313,1,sprig,1
74,365,1,(No unit),1
74,264,1,(No unit),1
74,407,4,(No unit),1
74,327,0,Splash,1
75,1,8,(No unit),1
75,281,0,pinch,1
75,244,0,pinch,1
75,155,1,tsp,1
75,154,1,tsp,1
75,301,1,tbsp,1
75,268,0.5,cup,1
75,333,8,cups,1
75,95,2,(No unit),1
76,543,6,chopped,1
76,41,150,g,1
76,544,120,g,1
76,416,150,g,1
77,317,4,(No unit),1
77,224,2,tbsp,1
77,364,1,Diced,1
77,264,1,sliced,1
77,425,1,sliced,1
77,149,3,cloves crushed,1
77,104,1,tsp,1
77,232,1,tsp,1
77,281,0.75,tsp,1
77,72,0.5,tsp,1
77,123,4,(No unit),1
78,50,250,g,1
78,347,100,g,1
78,122,2,(No unit),1
78,558,2,tbsp,1
78,347,0,To glaze,1
78,471,100,g,1
79,433,1,cup,1
79,364,1,large,1
79,49,1,large,1
79,316,1,tbsp,1
79,104,2,tsp,1
79,232,1,tsp,1
79,214,0.5,tsp,1
79,313,0.5,tsp,1
79,29,0.25,tsp,1
79,265,0.25,tsp,1
79,328,4,cups,1
79,333,1,cup,1
79,284,0,Pinch,1
80,471,50,g,1
80,33,2,large,1
80,559,200,g,1
80,222,1,whole,1
80,457,1,kg,1
80,248,140,g,1
80,36,100,g,1
80,217,100,g,1
80,123,3,large,1
80,34,2,tbsp,1
80,41,250,g,1
81,228,3,(No unit),1
81,110,1,tbsp,1
81,560,2,tbsp,1
81,82,300,g,1
81,459,500,g,1
81,401,250,g,1
81,115,284,ml,1
81,135,0,Handful,1
81,417,0,Grated,1
82,41,200,g,1
82,217,200,g,1
82,248,200,g,1
82,123,4,Beaten,1
82,169,50,g,1
82,561,100,ml,1
82,559,85,g,1
82,479,85,g,1
82,457,250,g,1
82,458,250,g,1
82,411,100,g,1
82,197,1,Grated zest of,1
82,563,1.5,tbsp,1
82,562,1.5,tbsp,1
82,324,0.5,tsp,1
82,15,0.5,tsp,1
83,23,3,lbs,1
83,292,10,(No unit),1
83,49,5,(No unit),1
83,440,1,head,1
84,187,1,bunch,1
84,182,8,(No unit),1
84,440,1,Head chopped,1
84,150,8,(No unit),1
84,364,0,Sliced,1
84,441,0,Sliced,1
84,68,1,cup,1
84,281,225,g,1
84,244,25,g,1
85,581,1,chopped,1
85,41,1,clove finely chopped,1
85,259,400,g,1
85,149,2,tbsp,1
85,65,0,Handful,1
85,224,1,chopped,1
85,363,100,g,1
85,263,0,Chopped,1
85,133,0.5,Juice of,1
85,214,1,(No unit),1
85,197,0.5,juice of,1
86,65,1,cup,1
86,592,0.25,cup,1
86,483,1,,1
86,211,0.25,cup,1
86,137,0.5,cup,1
86,347,0.0625,tbs,1
86,232,0.0833,tsp,1
86,281,0.0833,tsp,1
86,29,0.0417,tsp,1
86,151,0.0417,tsp,1
86,56,0.0417,tsp,1
86,53,0.0833,tsp,1
86,224,1,cup,1
86,583,1,,1
87,41,0,Knob,1
87,570,2,,1
87,14,4,,1
87,253,2,,1
87,49,1,,1
87,447,2,,1
87,440,2,,1
87,20,1,,1
87,603,0.1,ml,1
87,68,0.1,g,1
88,387,0.5,g,1
88,502,0.25,g,1
88,364,1,,1
88,149,4,cloves,1
88,237,3,tblsp chopped,1
88,232,0.0625,tbs,1
88,15,0.75,teaspoon,1
88,36,0.125,tbs,1
88,333,0.1875,tbs,1
88,329,1,,1
88,281,0.1667,tsp,1
88,244,0.1667,tsp,1
89,253,0.5,g,1
89,426,0.5,g,1
89,49,0.5,g,1
89,425,1,,1
89,11,1,large,1
89,364,1,cup,1
89,381,50,g,1
89,152,2,,1
89,316,0,to taste,1
89,224,0,to taste,1
89,313,0,for frying,1
89,338,0.1875,tbs,1
89,244,1,large,1
90,46,1,medium,1
90,327,1,,1
90,317,1,,1
90,57,1,,1
90,149,8,cups,1
90,237,2,large,1
90,81,2,large,1
91,23,0,Garnish,1
91,35,0,Garnish,1
91,201,1,cup,1
91,365,2.5,cups,1
91,448,0.1667,tsp,1
91,402,0.0417,tsp,1
91,14,0.1875,tbs,1
91,483,1,cup,1
91,364,0.0833,tsp,1
91,244,0.0833,tsp,1
92,119,2,,1
92,36,0.0625,tbs chopped,1
92,288,0.0417,tsp shredded,1
92,123,0.125,tbs,1
92,281,0.0833,tsp,1
92,244,0.0833,tsp,1
92,327,0.1667,tsp,1
93,491,0.0417,tsp,1
93,364,0.25,g,1
93,440,0.25,g,1
93,49,0.25,g,1
93,55,1,tsp,1
93,20,0.5,g,1
93,328,0.75,tbs,1
93,253,1,g,1
93,317,0.5,tbs,1
93,295,1,tsp,1
93,113,1,clove peeled crushed,1
94,318,0.0833,tsp,1
94,333,2,sprigs,1
94,281,1,,1
94,320,0.5,,1
94,153,0.5,,1
94,80,1,sliced,1
94,105,1,chopped,1
94,221,0.0625,tbs,1
94,20,0.0833,tsp,1
94,165,1,tsp,1
94,154,1,,1
94,83,0.75,cup,1
94,264,1,pinch,1
94,281,3,cups,1
94,305,0.0417,tsp,1
94,148,0.0417,tsp,1
95,471,1,tsp,1
95,41,0.33,cup,1
95,217,0.33,cup,1
95,228,0.0625,tbs,1
95,469,0.125,tbs,1
95,248,0.25,cup,1
95,15,1,lb,1
95,123,1,,1
95,169,1,,1
95,211,2,,1
95,477,4,,1
95,479,0.0625,tbs,1
95,211,2,cups,1
95,52,0.25,cup,1
96,284,0.25,cup,1
96,20,2,cups,1
96,149,1,,1
96,313,0.0625,tbs,1
96,367,0.1875,tbs,1
96,338,0,to taste,1
97,304,0,to taste,1
97,115,1,lb,1
97,210,0.125,tbs,1
97,155,0.1667,tsp,1
97,214,0.1667,tsp,1
98,41,1,whole,1
98,248,0.1875,tbs,1
98,197,4,,1
98,41,0.1875,tbs,1
98,458,0.125,tbs,1
98,460,2,,1
98,217,900,g,1
98,84,0.125,tbs,1
98,154,0.6,ml,1
98,548,0.8,g,1
98,197,0.0625,tbs,1
98,123,0,Grating,1
98,305,0.1875,tbs,1
99,283,0.25,g,1
99,14,1,finely sliced,1
99,218,0.25,g,1
99,317,0,peeled raw,1
99,472,0,Large handful,1
99,123,0,Handful,1
99,35,0,Grated zest of 1,1
100,518,25,g,1
100,327,0,Juice of 1,1
100,149,0.1875,tbs,1
100,154,1,,1
100,313,2,cloves,1
100,20,1,,1
100,264,2.25,cups,1
100,424,1,teaspoon,1
100,364,3,,1
100,49,0.0625,tbs,1
100,305,2,sticks,1
100,548,227,g,1
100,342,25,g,1
100,515,0.1667,tsp,1
100,202,0.25,g,1
100,519,0.25,g,1
100,244,0.25,g,1
101,68,1,tbs,1
101,281,1,tsp,1
101,305,4,sliced,1
101,244,2,tbs,1
101,443,250,ml,1
101,241,1,L,1
101,218,4,sliced,1
101,99,140,g,1
101,333,75,g,1
101,301,1,kg,1
102,3,0.0833,tsp,1
102,364,300,ml,1
102,368,1,,1
102,317,3,,1
102,150,0.25,teaspoon,1
102,316,225,g,1
102,268,0.0833,tsp,1
102,534,60,g,1
102,41,60,g,1
102,224,50,g,1
102,579,0.125,tbs,1
102,104,3,,1
102,541,2,knobs,1
102,281,0.1667,tsp,1
102,244,3,chopped,1
103,119,0.0625,tbs chopped,1
103,305,0.0625,tbs chopped,1
103,281,0.1875,tbs,1
103,244,6,large,1
103,149,0.1875,tbs,1
103,224,150,ml,1
103,569,200,ml,1
103,520,1,small finely diced,1
103,296,1,small finely diced,1
103,20,3,cloves chopped,1
104,139,1,large,1
104,224,1,,1
104,287,1,,1
104,336,0.0625,tsp,1
104,248,400,g,1
104,222,0,Handful,1
104,115,200,g,1
104,186,2,,1
104,196,0,to serve,1
104,254,225,g,1
104,237,1,small,1
104,113,1,clove finely chopped,1
104,197,75,ml,1
104,172,100,ml,1
104,197,0,For Greasing,1
105,224,0,to serve,1
105,364,1.25,cup,1
105,149,1.25,cup,1
105,49,1,teaspoon,1
105,142,2,,1
105,313,12,ounces,1
105,20,5,,1
105,281,1,,1
105,55,1.5,cup,1
106,353,0.0625,tbs,1
106,41,2,cups,1
106,354,0.33,cup,1
106,235,0,Dash,1
106,222,3,,1
106,352,4,,1
106,237,0,Sprinking,1
107,283,4,cups,1
107,14,1.5,cups,1
107,218,0.0417,tsp,1
107,317,1,cup,1
107,472,2,slices,1
107,123,2,Num,1
107,35,1,Slice,1
107,473,100,g,1
108,41,50,g,1
108,224,1,tbs,1
108,364,1,kg,1
108,305,1,tsp,1
108,150,4,Sliced,1
108,248,2,tbs,1
108,117,250,ml,1
108,26,1,L,1
108,35,140,g,1
108,172,75,g,1
109,41,0.5,tsp,1
109,196,300,ml,1
109,281,3,Num,1
109,101,0.25,tsp,1
109,483,225,g,1
109,122,60,g,1
109,222,50,g,1
109,248,2,tbs,1
109,281,3,Num,1
109,41,2,Knob,1
109,451,1,tsp,1
109,59,3,Chopped,1
109,333,1,tbs (chopped),1
110,123,4,tbs,1
110,41,6,Large,1
110,234,150,ml,1
110,493,200,ml,1
110,237,1,Small (finely diced),1
110,494,3,Cloves (chopped),1
110,172,1,Large,1
111,254,1.5,tsp,1
111,224,400,g,1
111,117,1,Handful,1
111,361,200,g,1
111,393,0,Serve,1
111,364,75,ml,1
111,149,100,ml,1
111,253,0,Grease,1
111,228,1.25,Fraction (cup),1
111,497,1.25,cup,1
111,20,1,tsp,1
111,175,2,Num,1
111,316,12,oz,1
111,80,1.5,cup,1
111,355,2,tbsp,1
111,335,2,cup,1
111,313,0.33,cup,1
111,35,1,Dash,1
112,253,3,Num,1
112,393,4,Num,1
112,149,4,cup,1
112,211,600,g,1
112,115,300,g,1
112,41,1,Chopped,1
112,235,1,tsp,1
113,346,3,Cloves,1
113,305,2,Pieces,1
113,324,2,tbs,1
113,137,75,g,1
113,255,0,Frying,1
113,304,500,g,1
113,408,1,Dash,1
113,462,0,Glaze,1
114,66,1,lb,1
114,49,0.5,cup,1
114,292,1,Sliced,1
114,364,2,Medium,1
114,26,3,cup,1
114,402,4,Large,1
114,295,500,g,1
114,41,3,tbsp,1
114,305,1,Pinch,1
114,327,250,ml,1
114,281,1,Tin (g),1
114,244,1,Pack (g),1
115,517,8,oz (g),1
115,237,0.33,cup,1
115,224,0,Dash,1
115,200,3,Num,1
115,150,4,Num,1
115,104,0,Sprinkling,1
116,137,4,cup,1
116,333,1.5,cup,1
116,281,0.25,tsp,1
116,491,1,cup,1
116,224,0.25,cup,1
117,454,600,g,1
117,253,300,g,1
117,165,1,Chopped,1
117,95,3,tbs,1
117,105,1,tsp,1
117,244,0.5,tsp,1
117,149,3,Cloves,1
117,154,2,Pieces,1
117,137,2,tbs,1
117,123,3,Num,1
117,36,75,g,1
117,327,0,Frying,1
118,605,500,g,1
118,327,0,Dash,1
118,137,0,Glaze,1
118,281,0,Dash,1
119,352,1,lb,1
119,176,0.5,cup,1
119,41,0.5,cup,1
119,234,0.5,cup,1
119,237,2,tbsp,1
119,29,2,tbs,1
120,224,1,Sliced,1
120,364,2,Medium,1
120,49,3,cup,1
120,361,3,cup,1
120,333,4,Large,1
120,253,3,Num,1
120,20,1,Num,1
120,508,1,Num,1
120,2,500,g,1
121,257,3,tbsp,1
121,224,1,Num,1
121,78,1,Pinch,1
121,145,250,ml,1
121,338,1,Tin (g),1
121,80,0.5,tsp,1
121,212,1,Pack (g),1
121,102,8,oz (g),1
122,204,0.33,cup,1
122,248,0.75,tsp,1
122,220,0.5,tsp,1
122,151,0.5,tsp,1
122,190,0.5,tsp,1
122,29,0.125,tsp,1
122,53,6,tbsp (g),1
122,41,1.5,cup (ml),1
122,339,1,cup (ml),1
122,176,1,lb (g),1
122,215,4,tbsp (g),1
122,41,1,tsp,1
122,151,16,Slices (square),1
122,35,8,Slices (mild),1
122,59,8,Slices,1
122,92,4,tbsp (g),1
122,41,1.5,Num,1
123,65,0.75,cup,1
123,248,1,Num,1
123,483,2,tbs,1
123,528,1,tbs,1
123,15,1,tsp,1
123,281,0.5,tsp,1
123,226,0.25,tsp,1
123,151,0.75,cup,1
123,333,0.5,cup,1
123,68,0.25,cup,1
123,531,3,tbs,1
123,296,2,tbs,1
123,177,1,tbs,1
123,520,2,tbs,1
123,443,0.5,tbs,1
123,532,2,tbs,1
123,528,1,Clove,1
123,149,2,Chopped,1
123,301,1,tsp,1
123,154,400,g,1
124,397,3,tbs,1
124,224,1,Chopped,1
124,364,2,Chopped,1
124,150,2,tbs,1
124,316,800,g,1
124,317,1,tbs,1
124,305,1,tbs,1
124,116,1,Pinch,1
124,84,2,tbs,1
124,79,1,Num,1
125,440,2,tbs,1
125,41,1,Chopped,1
125,364,1,lb,1
125,512,0.5,lb,1
125,569,1.5,cup,1
125,268,1,tsp,1
125,149,1,tsp,1
125,281,0.25,tsp,1
125,29,3,cans,1
125,316,8,Num,1
126,605,2,tbs,1
126,224,3,Cloves,1
126,149,1,tbs,1
126,232,0,Date,1
126,197,4,Sprigs,1
126,396,1,Num,1
126,259,6,Num,1
127,119,1,can,1
127,91,1,tbs,1
127,198,1,tsp,1
127,281,0,Taste,1
127,265,4,Sticks,1
127,227,1,lb,1
128,2,1,tbsp,1
128,224,2,tbsp,1
128,296,2,tbsp,1
128,278,4,tbsp,1
128,288,2,cup,1
129,77,2,tbs,1
129,176,1,oz (can),1
129,94,1,tsp,1
129,324,1,cup,1
129,334,0.5,cup,1
129,213,0.33,cup,1
130,218,0.33,cup,1
130,535,0.67,cup,1
130,522,0.5,cup,1
130,4,2.5,cup,1
130,68,0.5,tsp,1
130,281,0.25,tsp,1
130,305,1,tsp,1
130,443,0.25,tsp,1
130,244,0.5,tsp,1
130,180,0.5,cup,1
130,332,1,tsp,1
130,296,1,tbs,1
130,99,2,tbs,1
130,333,0.25,cup,1
130,301,750,g,1
131,286,6,tbsp,1
131,305,2,Num,1
131,123,1,cup,1
131,211,5,Num,1
132,253,1,Num,1
132,37,2,Cloves,1
132,149,2,Num,1
132,65,1,tbsp,1
132,16,1,tbsp,1
132,177,1,tbsp,1
132,68,100,g,1
132,41,85,g,1
132,327,85,g,1
132,224,250,ml,1
133,112,750,g,1
133,471,2,Num,1
133,41,1,Zest (Num),1
133,162,1,Zest (Num),1
133,401,250,ml,1
133,123,0,Serve,1
133,197,800,g,1
133,228,50,g,1
133,177,3,Chopped,1
133,476,1,Chopped,1
134,139,8,Num,1
134,41,100,ml,1
134,150,2,tbs,1
134,440,180,g,1
134,301,4,Num,1
134,115,300,g,1
134,219,2000,kg,1
134,448,120,ml,1
134,123,24,Skinned,1
135,340,4,Large,1
135,192,2,Num,1
135,224,1,Num,1
135,289,350,g,1
135,49,150,ml,1
135,322,1,tsp,1
135,54,4,Sprigs,1
135,58,4,Sprigs,1
135,338,450,ml,1
135,52,50,g,1
135,144,250,g,1
135,230,1,Small,1
135,68,50,g,1
136,41,150,ml,1
136,286,100,g,1
136,323,0,Serve,1
136,446,12,Num,1
136,211,0,Date,1
136,256,1,Bunch,1
136,459,1,tbs (chopped),1
137,70,3,Cloves,1
137,202,0,Date,1
137,301,3,Chopped,1
137,154,0.5,tsp,1
137,149,1,Juice,1
137,364,2,tbs,1
137,259,2,tbs,1
137,313,3,tbs,1
137,202,1,tbs,1
137,296,200,g,1
137,327,400,g,1
137,40,1,Bunch,1
137,548,2,Sprigs,1
137,19,2,Cloves (chopped),1
137,91,1,tbs,1
137,301,800,g,1
137,313,4,cup,1
137,149,1,tsp,1
137,548,1,tsp,1
137,435,250,g,1
138,248,1,cup,1
138,281,900,g,1
138,106,1,tsp,1
138,41,0.5,tsp,1
138,333,2,tbs,1
138,387,1,cup,1
138,548,0,Ground,1
138,29,2,tsp (ground),1
138,327,1,tbs,1
138,227,0.25,tsp,1
138,264,2,tbs,1
138,149,2,cup,1
138,313,0.5,cup,1
138,281,1,Beaten,1
138,315,1,tbs,1
138,333,0.25,cup,1
138,227,300,g,1
138,483,1,tbs,1
138,333,0,Garnish,1
138,333,0,Garnish,1
139,601,1,tbs,1
139,442,1,Large,1
139,592,1,Chopped,1
139,301,150,ml,1
140,327,1,tbs,1
140,364,1,tsp,1
140,4,1,tsp,1
140,328,2,Beaten,1
140,296,200,g,1
140,442,0,Chopped,1
140,305,250,g,1
140,123,500,g,1
140,601,0,Topping,1
140,494,0,Topping,1
141,146,1,Dash,1
141,114,3,Num,1
141,152,4,Num,1
141,180,1,Sprinkling,1
141,201,4,cup,1
141,365,1.5,cup,1
141,103,0.25,tsp,1
141,159,1,cup,1
142,1,0.25,cup,1
142,223,600,g,1
142,121,300,g,1
142,137,1,Chopped,1
142,40,3,tbs,1
142,281,1,tsp,1
142,232,0.5,tsp,1
142,226,3,Cloves,1
142,72,2,Pieces,1
142,29,2,tbs,1
142,56,3,Num,1
142,277,75,g,1
142,151,1,Frying,1
142,548,500,g,1
142,230,1,Dash,1
142,17,1,Glaze,1
142,207,1,Dash,1
143,65,1,lb,1
143,248,0.5,cup,1
143,483,0.5,cup,1
143,36,0.5,cup,1
143,327,2,tbsp,1
143,307,2,tbs,1
143,227,1,Sliced,1
143,149,2,Medium,1
143,49,3,cup,1
143,248,3,cup,1
143,106,4,Large,1
143,68,3,Num,1
143,177,1,Num,1
143,296,1,Num,1
143,20,500,g,1
143,148,3,tbsp,1
144,112,1,Num,1
144,41,1,Pinch,1
144,94,250,ml,1
144,122,1,Tin (g),1
144,202,0.5,tsp,1
144,115,1,Pack (g),1
144,347,8,oz (g),1
144,202,0.33,cup,1
145,327,0.75,tsp,1
145,364,0.5,tsp,1
145,149,0.5,tsp,1
145,154,0.5,tsp,1
145,95,0.125,tsp,1
145,104,6,tbsp (g),1
145,232,1.5,cup (ml),1
145,148,1,cup (ml),1
145,80,1,lb (g),1
145,435,4,tbsp (g),1
145,19,1,tsp,1
146,455,16,Slices (square),1
146,21,8,Slices (mild),1
146,211,8,Slices,1
146,123,4,tbsp (g),1
146,237,1.5,Num,1
146,95,0.75,cup,1
146,327,1,Num,1
146,364,2,tbs,1
146,95,1,tbs,1
146,106,1,tsp,1
146,268,0.5,tsp,1
147,278,0.25,tsp,1
147,296,0.75,cup,1
147,443,0.5,cup,1
147,354,0.25,cup,1
147,333,3,tbs,1
147,1,2,tbs,1
147,75,1,tbs,1
147,520,2,tbs,1
147,40,0.5,tbs,1
147,301,2,tbs,1
147,150,1,Clove,1
147,521,2,Chopped,1
147,240,1,tsp,1
148,254,400,g,1
148,296,3,tbs,1
148,316,1,Chopped,1
148,354,2,Chopped,1
148,52,2,tbs,1
148,307,800,g,1
148,240,1,tbs,1
148,74,1,tbs,1
148,40,1,Pinch,1
148,150,2,tbs,1
148,521,1,Num,1
148,154,2,tbs,1
149,253,1,Chopped,1
149,224,1,lb,1
149,425,0.5,lb,1
149,227,1.5,cup,1
149,556,1,tsp,1
149,418,1,tsp,1
149,123,0.25,tsp,1
149,281,3,cans,1
149,244,8,Num,1
150,224,2,tbs,1
150,191,3,Cloves,1
150,276,1,tbs,1
150,364,1,Date,1
150,333,4,Sprigs,1
150,237,1,Num,1
150,41,6,Num,1
150,197,1,can,1
151,253,1,tbs,1
151,41,1,tsp,1
151,60,1,Taste,1
151,364,4,Sticks,1
151,264,1,lb,1
151,258,1,tbsp,1
152,475,2,tbsp,1
152,333,2,tbsp,1
152,333,4,tbsp,1
152,305,2,cup,1
152,281,2,tbs,1
152,123,1,oz (can),1
152,589,1,tsp,1
152,137,1,cup,1
152,507,0.5,cup,1
152,211,0.33,cup,1
152,305,0.33,cup,1
152,323,0.67,cup,1
152,591,0.5,cup,1
152,41,2.5,cup,1
153,38,0.5,tsp,1
153,268,0.25,tsp,1
153,95,1,tsp,1
153,204,0.25,tsp,1
153,71,0.5,tsp,1
153,364,0.5,cup,1
153,281,1,tsp,1
153,327,1,tbs,1
154,224,2,tbs,1
154,154,0.25,cup,1
154,149,750,g,1
154,317,6,tbsp,1
154,198,2,Num,1
154,52,1,cup,1
154,331,5,Num,1
154,130,1,Num,1
154,193,2,Cloves,1
154,364,2,Num,1
154,253,1,tbsp,1
154,19,1,tbsp,1
154,79,1,tbsp,1
154,95,100,g,1
154,198,85,g,1
154,149,85,g,1
154,87,250,ml,1
154,84,750,g,1
154,317,2,Num,1
155,50,1,Zest (Num),1
155,188,1,Zest (Num),1
155,10.5,250,ml,1
155,227,1,Serve,1
155,156,800,g,1
155,149,50,g,1
155,214,3,Chopped,1
155,83,1,Chopped,1
155,276,8,Num,1
155,153,100,ml,1
155,19,2,tbs,1
155,147,180,g,1
155,105,4,Num,1
155,20,300,g,1
155,84,2000,kg,1
155,87,120,ml,1
155,47,24,Skinned,1
155,191,4,Large,1
155,261,2,Num,1
155,28,1,Num,1
156,364,350,g,1
156,307,150,ml,1
156,149,1,tsp,1
156,154,4,Sprigs,1
156,206,4,Sprigs,1
156,232,450,ml,1
156,85,50,g,1
156,47,250,g,1
156,87,1,Small,1
156,20,50,g,1
156,316,150,ml,1
156,191,100,g,1
156,162,1,Serve,1
156,95,12,Num,1
157,224,1,Date,1
157,259,1,Bunch,1
157,312,1,tbs (chopped),1
157,329,3,Cloves,1
157,91,1,Date,1
157,134,3,Chopped,1
157,269,0.5,tsp,1
157,202,1,Juice,1
157,189,2,tbs,1
157,95,2,tbs,1
158,224,3,tbs,1
158,364,1,tbs,1
158,49,200,g,1
158,380,400,g,1
158,149,1,Bunch,1
158,104,2,Sprigs,1
158,154,2,Cloves (chopped),1
158,276,1,tbs,1
158,84,800,g,1
158,177,4,cup,1
158,382,1,tsp,1
158,329,1,tsp,1
158,383,250,g,1
158,384,1,cup,1
158,237,900,g,1
159,224,1,tsp,1
159,14,0.5,tsp,1
159,364,2,tbs,1
159,55,1,cup,1
159,49,1,Ground,1
159,149,2,tsp (ground),1
159,387,1,tbs,1
159,316,0.25,tsp,1
159,80,2,tbs,1
159,177,2,cup,1
159,194,0.5,cup,1
159,101,1,Beaten,1
159,216,1,tbs,1
159,235,0.25,cup,1
159,18,300,g,1
160,381,1,tbs,1
160,137,1,Garnish,1
160,327,1,Garnish,1
160,364,1,tbs,1
160,49,1,Large,1
160,328,1,Chopped,1
160,253,150,ml,1
160,419,1,tbs,1
160,123,1,tsp,1
161,41,1,tsp,1
161,191,2,Beaten,1
161,452,200,g,1
161,227,1,Chopped,1
161,49,250,g,1
161,248,500,g,1
161,342,1,Topping,1
161,68,1,Topping,1
161,21,2,,1
161,253,900,g,1
162,224,2,tbsp,1
162,364,1,"medium, finely diced",1
162,71,250,g,1
162,328,1.5,L,1
162,104,1,tsp,1
162,149,5.00,cloves,1
162,281,2.00,tsp,1
162,175,1.00,tsp,1
162,244,,Pinch,1
162,202,2.00,,1
163,295,4.00,cup,1
163,78,2.00,tbsp,1
163,116,2.00,tbsp,1
163,281,4.00,tsp,1
163,35,8,slices,1
163,14,8,slices,1
163,365,8,slices,1
163,402,4,slices,1
163,41,2.50,tbsp,1
164,149,2,cloves,1
164,284,2,tsp,1
164,224,4,tbsp,1
164,197,1,zest & juice of 1 lemon,1
164,113,1,tbsp,1
164,380,750,g,1
164,579,0,To serve,1
165,580,25,g,1
165,193,500,g,1
165,104,1,tsp,1
165,95,1,tsp,1
165,232,1,tsp,1
165,149,1,"clove, finely chopped",1
165,224,,For frying,1
165,567,4,,1
165,103,,Grated,1
165,162,200,g,1
165,214,2,tbsp,1
166,191,50,g,1
166,608,120,g,1
166,198,1,tbsp,1
166,41,2,tbsp,1
166,364,1,chopped,1
166,191,450,g,1
166,149,2,cloves,1
166,328,600,ml,1
166,268,2,cups,1
166,276,,Pinch,1
166,237,,Garnish,1
167,216,200,g,1
167,13,250,g,1
167,143,1,bunch,1
167,128,350,g,1
167,126,3,tbsp,1
167,166,40,g,1
167,319,200,g,1
167,281,,To taste,1
167,244,85,g,1
168,240,400,ml,1
168,90,4,tbsp,1
168,208,600,g,1
168,3,450,g,1
168,253,1,cut into thin wedges,1
168,364,4,leaves,1
168,202,1,,1
168,85,1,tbsp palm or soft light,1
168,309,1,tbsp,1
168,40,1,"red, deseeded and finely sliced",1
168,134,,To serve,1
168,74,30,g,1
168,185,240,g,1
169,218,3,,1
169,428,3,cloves,1
169,57,3,sprigs,1
169,149,500,g,1
169,396,2,tbsp,1
169,429,125,ml,1
169,296,350,g,1
169,338,4,tbsp,1
169,194,2.00,handful,1
169,36,,To serve,1
169,277,1,tbsp,1
169,430,225,g,1
170,307,2,,1
170,431,1,tsp,1
170,154,1,tsp,1
170,104,1,tsp,1
170,320,1,,1
170,95,4,large,1
170,165,150,g,1
170,365,1,tsp,1
170,241,,Small bunch,1
170,148,,To serve,1
170,95,2,tbsp,1
170,432,500,g,1
171,327,1,chopped,1
171,387,1,tbsp,1
171,364,1.5,tbsp,1
171,316,75,g,1
171,248,250,ml,1
171,218,,Dash,1
171,26,400,g,1
171,342,1,,1
171,419,2,tsp,1
171,122,1,tbsp,1
172,104,2,finely chopped,1
172,378,6,,1
172,263,3,finely chopped,1
172,150,1,finely chopped,1
172,165,1,tsp,1
172,264,2,tsp,1
172,222,1,kg,1
172,95,1,tsp,1
172,193,3,tbsp,1
172,244,340,g,1
172,95,0.5,tsp,1
172,248,90,ml,1
172,281,150,g,1
172,211,,Beaten,1
172,451,175,g,1
172,122,175,g,1
173,41,3,,1
173,52,250,g,1
173,123,3,tbsp,1
173,286,1,lemon zest,1
173,211,,To Glaze,1
173,197,1,,1
173,460,3,tbsp,1
174,23,3,tbsp,1
174,281,1,tbsp,1
174,29,1,tbsp,1
174,95,1,tsp,1
174,305,1,tsp,1
174,20,3,tbsp,1
174,87,1,tbsp,1
174,29,1,tbsp,1
174,95,1,tbsp,1
174,232,1,tbsp,1
174,149,1,tbsp,1
174,364,1,tsp,1
174,113,1,tbsp,1
174,125,1,tsp,1
174,56,450.00,g,1
174,265,100.00,g,1
175,522,2.00,tbsp,1
175,387,1.50,tsp,1
175,443,2.00,tsp,1
175,523,1.00,tbsp,1
175,524,2.00,tsp,1
175,244,2.00,tsp,1
175,281,1.00,tbsp,1
175,526,400,ml,1
175,296,2,tbsp,1
175,333,2,chopped,1
175,224,4,,1
175,525,2,"cloves, chopped",1
175,301,4,sliced,1
175,149,2 1/2,tbsp,1
175,154,1,tbsp,1
175,333,1,kg,1
175,99,1,kg,1
176,553,2,,1
176,354,1,Pinch,1
176,317,1,,1
176,281,1,bunch,1
176,364,225,g,1
176,165,350,g,1
176,96,100,g,1
177,41,280,g,1
177,248,1,small,1
177,52,1,Topping,1
177,564,500,g,1
177,483,1,large,1
177,347,150,g,1
178,3,1,beaten,1
178,11,3,tbsp,1
178,162,400,g,1
178,483,4,tbsp,1
178,234,350,g,1
178,365,800,g,1
178,316,1,chopped,1
178,253,300,g,1
179,600,1,tsp,1
179,364,1,Litre,1
179,3,1,,1
179,281,2.00,cup,1
179,333,1,kg,1
179,150,200,ml,1
179,224,50,g,1
180,253,2,tbsp,1
180,211,1,Bunch,1
180,41,1,Bunch,1
180,219,6,chopped,1
180,301,1,sliced,1
180,301,4,,1
181,49,1,tsp,1
181,364,2.00,tsp,1
181,150,1,tbsp,1
181,104,2.00,tsp,1
181,95,1,tsp,1
181,224,50,g,1
181,148,15,g,1
181,198,10,g,1
182,240,5,tbsp,1
182,74,750,ml,1
182,254,2.00,tbsp,1
182,223,250,g,1
182,333,2,,1
182,309,4,,1
182,253,30,g,1
182,263,30,g,1
182,150,1,tbsp,1
182,440,4,,1
182,76,1,,1
182,522,150,g,1
182,296,50,g,1
182,534,4,tbsp,1
182,483,40,g,1
183,218,2,cloves,1
183,607,1,,1
183,327,1,tbsp,1
183,364,50,ml,1
183,149,,Dash,1
183,20,,Top,1
183,329,1,large,1
183,295,0.5,,1
183,541,1,large,1
183,237,,Bunch,1
185,259,1,tbsp,1
185,154,4,,1
185,149,5,tbsp,1
185,95,150,ml,1
185,307,200,g,1
185,66,85,g,1
185,238,140,g,1
185,68,1,tbsp,1
185,162,900,g,1
186,41,250,g,1
186,295,3,tbsp,1
186,305,1 0.5,tsp,1
186,346,3,Large,1
186,52,250,ml,1
186,248,150,ml,1
186,198,1,tbsp,1
186,123,2,tsp,1
186,295,125,g,1
186,295,50,g,1
186,52,5,tbsp,1
186,198,1,beaten,1
187,459,200,g shredded,1
187,52,100,g,1
187,89,50,g,1
187,483,100,g,1
187,112,4,tbsp,1
187,500,3,tbsp,1
187,471,250,g,1
187,41,150,g,1
187,115,50,g,1
187,499,2,cups,1
187,347,2,cups,1
187,417,2.00,tsp,1
187,41,1,,1
188,91,1,,1
188,333,2,cups,1
188,157,4,,1
188,154,1,,1
188,20,1,cup,1
188,268,4,,1
188,123,2,tbsp,1
188,103,1,,1
188,240,3,cloves,1
188,555,3,,1
188,327,2,tsp,1
188,364,4,oz,1
188,149,3,tbsp,1
188,289,2.00,cup,1
188,75,4,meaty shanks,1
188,555,0.5,cup,1
188,305,2,tbsp,1
188,309,3,tbsp,1
189,325,1,"medium, chopped into 0.5-inch pieces",1
189,137,1,chopped into 0.5-inch pieces,1
189,224,1,chopped into 0.5-inch pieces,1
189,41,1,"bulb, chopped into 0.5-inch pieces",1
189,364,3,cloves,1
189,49,2,strips,1
189,55,1 0.5,tsp,1
189,393,1,,1
189,149,1,cup,1
189,229,0.5,cup,1
189,207,1,"cup, chopped with juice",1
189,20,2,"tbsp, chopped",1
189,117,1,"tsp, minced",1
189,68,1,"tsp, grated",1
189,317,450,g,1
189,237,1,chopped,1
189,149,1,,1
189,199,2,"cloves, minced",1
190,516,1,tsp,1
190,364,1,chopped,1
190,301,2,tbsp,1
190,149,1,chopped,1
190,154,2,tbsp,1
190,515,350,ml,1
190,296,200,g,1
190,144,1,tbsp,1
190,327,2,tbsp,1
190,333,180,g,1
190,517,2,tbsp,1
190,354,2,tbsp,1
190,333,2,tsp,1
191,270,2,tsp,1
191,109,2,tsp,1
191,231,2,tbsp,1
191,296,2,tbsp,1
191,337,2,cloves,1
191,305,1,cup,1
191,333,1,,1
191,239,4,cup,1
191,149,800,g,1
191,1,3,,1
191,483,2,tbsp,1
191,76,100,ml,1
192,253,1,pot,1
192,227,1,Topping,1
192,224,4,,1
192,68,4,,1
192,101,1,Topping,1
192,234,1,Topping,1
192,66,1,Dash,1
192,14,1,Can,1
192,299,5,thin cut,1
192,241,2,cups,1
193,327,300,g,1
193,25,1,tbsp,1
193,253,1,finely chopped,1
193,61,2,"cloves, minced",1
194,298,1,,1
194,224,1,tbsp,1
194,364,425,g,1
194,149,70,g,1
194,259,1,shaved,1
194,316,4,tbsp,1
194,362,350,g,1
194,363,1,large,1
194,234,10,,1
195,391,1,thinly sliced,1
195,4,1,tsp,1
195,364,2,tbsp,1
195,149,600,g,1
195,49,1,tbsp,1
195,131,2,sticks,1
195,394,1,Handful,1
195,328,400,g,1
195,316,2,tbsp,1
195,396,1,Handful,1
195,237,1,Handful,1
195,395,400,g,1
195,36,2,tblsp,1
195,223,1,Handful,1
195,35,1,To serve,1
195,37,1,To serve,1
196,137,100,g,1
196,123,2,large,1
196,211,300,ml,1
196,307,1,tbls,1
196,305,1,To serve,1
196,408,1,To serve,1
196,409,1,To serve,1
197,418,750,g,1
197,419,350,g,1
197,248,1,Dusting,1
197,52,140,g,1
197,281,0.5,tsp,1
197,222,0.5,tsp,1
197,84,1,tsp,1
197,123,2,Beaten,1
197,41,25,g,1
197,211,175,g,1
197,347,1,tblsp,1
198,41,50,g,1
198,420,175,g,1
198,421,5,,1
198,403,500,g,1
198,238,175,g,1
198,158,175,g,1
198,211,150,ml,1
198,115,275,ml,1
198,413,2,tblsp,1
198,422,1,Crushed,1
199,354,1,tsp,1
199,228,2,juiced,1
199,228,1,zest,1
199,52,2,tbs,1
199,423,6,,1
199,409,250,g,1
199,286,200,g,1
199,41,50,g,1
199,217,100,g,1
199,84,1,tsp,1
199,211,6,tblsp,1
200,41,200,g,1
200,483,1,large,1
200,211,4,tbs,1
200,158,200,g,1
200,30,85,g,1
200,40,85,g,1
200,481,100,g,1
200,286,250,g,1
200,171,1,tbs,1
201,495,8,,1
201,52,100,g,1
201,41,100,g,1
201,497,2,,1
201,47,3,Pods,1
201,84,1,large,1
201,34,2,tbs,1
201,255,500,g,1
202,123,10,,1
202,224,1,tbs,1
202,426,2,finely chopped,1
202,301,3,finely chopped,1
202,264,4,,1
202,150,1,clove peeled crushed,1
202,259,1,,1
202,346,300,g,1
202,211,6,tblsp,1
202,494,4,tbs,1
202,17,2,tbs,1
202,273,1,to serve,1
202,234,1,to serve,1
203,498,450,g,1
203,224,4,tbs,1
203,364,1,large,1
203,393,1,large,1
203,49,2,chopped,1
203,117,150,ml,1
203,34,1,tbs,1
203,80,400,g,1
203,361,1,L,1
203,232,2,pinches,1
203,115,150,ml,1
203,254,8,,1
204,253,4,cups,1
204,41,60,ml,1
204,211,0.5,cup,1
204,387,450,g,1
204,364,1,finely chopped,1
204,503,500,ml,1
204,232,1,to serve,1
204,237,1,to serve,1
204,281,1,Dash,1
204,244,1,Dash,1
20.5,41,0.5,cup,1
205,305,1,cup,1
205,123,2,,1
205,324,1,tsp,1
205,137,2,cups,1
205,15,1,tsp,1
205,211,1 1/4,cup,1
205,412,1 1/2,cup,1
205,40,1 1/2,cup,1
205,486,1 1/2,cup,1
205,41,2.00,cup,1
206,238,1,cup,1
206,305,2.00,cup,1
206,483,1,,1
207,333,150,ml,1
207,305,1,tsp,1
207,475,15,g,1
207,248,225,g,1
207,281,1 1/2,tsp,1
207,224,1,Drizzle,1
207,377,80,g,1
207,402,70,g,1
207,230,1,,1
207,17,1,Leaves,1
207,29,1,Pinch,1
208,137,1,cup,1
208,281,2.00,tsp,1
208,483,1,Yolk,1
208,483,1,,1
208,41,5,tbs,1
208,41,6,tblsp,1
208,364,2.00,cup,1
208,447,2.00,cup,1
208,23,2.00,lb,1
208,123,2,Beaten,1
208,281,1,tsp,1
208,244,2.00,tsp,1
209,41,2,tbs,1
209,78,2.00,cup,1
209,596,1 1/2,cups,1
209,41,3,tbs,1
209,78,2.00,cup,1
209,253,2,cups,1
209,123,3,,1
209,295,1,pot,1
209,137,3,cups,1
209,281,2.00,tsp,1
209,15,1,tbs,1
210,137,1,cup,1
210,123,2,,1
210,211,1,cup,1
210,333,3.50,cup,1
210,281,1,Pinch,1
210,305,1,tsp,1
210,41,3,tbs,1
211,1,1.5,kg,1
211,259,3,chopped,1
211,149,2,cloves,1
211,154,1,tsp,1
211,116,1,tsp,1
211,95,1,tsp,1
211,232,1,tsp,1
211,394,2,tbs,1
211,223,2,tbs,1
211,263,1,sliced,1
211,49,2,,1
211,604,1,,1
211,440,4,leaves,1
211,576,2,tbs,1
211,162,2,tbs,1
211,394,2,tbs,1
211,105,1,tsp,1
212,149,1,clove,1
212,24,2,small,1
212,224,2,tbs,1
212,332,1,tbs,1
212,237,1,Leaves,1
212,606,2,,1
212,273,2,handfulls,1
212,18,1,Small bunch,1
212,237,1,Small bunch,1
212,184,1,tbs,1
212,332,2,chopped,1
212,301,2,Jan,1
212,149,2.00,tsp,1
212,52,2,,1
213,4,200,ml,1
213,338,2.00,tsp,1
213,232,2,,1
213,197,2,Jan,1
213,198,1,Dash,1
213,224,1,To serve,1
213,576,1,kg,1
213,253,1,For frying,1
213,327,2,finely chopped,1
214,227,1,Diced,1
214,264,1,Small bunch,1
214,95,1,small,1
214,259,3,cloves,1
214,149,400,ml,1
214,117,1,Pinch,1
214,276,1,,1
214,20,300,g,1
214,253,400,g,1
214,249,600,g,1
214,508,300,g,1
214,360,8,,1
214,498,500,g,1
214,376,500,g,1
214,355,1,sliced,1
214,444,2,tbs,1
215,248,2,tbs,1
215,347,375,g,1
215,255,250,g,1
215,52,2,strips,1
215,199,1,Stick,1
215,84,2,,1
215,123,4,,1
215,122,50,g,1
215,354,500,ml,1
215,339,1,Pod of,1
215,323,1,To serve,1
215,84,4,,1
216,253,3,,1
216,49,1,tbs,1
216,281,2.00,tbs,1
216,541,4,,1
216,123,7,oz,1
216,283,4,oz,1
216,113,1,can,1
216,241,4,,1
216,227,1,cup,1
216,576,20.5,tbsp,1
217,224,6,cut into 1.5cm-thick slices,1
217,182,1,large peeled and chopped,1
217,364,1,trimmed and roughly chopped; reserve any fronds to garnish,1
217,130,0.5,tsp,1
217,294,1,clove,1
217,149,2,tsp lightly toasted and then gently crushed,1
217,131,100,ml,1
217,266,400,g,1
217,80,0.5,tsp,1
217,52,50,g cut in half lengthways,1
217,246,500,g,1
217,272,30,g roughly crumbled into 0.5cm pieces,1
217,242,1,rinsed and patted dry,1
217,555,1,clove,1
217,149,60,ml,1
217,224,50,g torn,1
217,18,2,cups,1
218,213,3,cups,1
218,77,0.5,cup,1
218,238,1,tsp,1
218,324,1 0.25,cups,1
218,240,4,,1
219,205,18,dried,1
219,259,1,inch,1
219,154,8,cloves,1
219,149,1.5,tsp,1
219,244,1,tsp,1
219,104,0.5,tsp,1
219,320,0.5,tsp,1
219,85,4,,1
219,87,2,,1
219,47,1,tbsp,1
219,305,2,marble sized,1
219,308,2.5,tbsp,1
219,332,5,tbsp,1
219,223,1,chopped,1
220,224,1,chopped,1
220,364,1,stalk chopped,1
220,49,1,tbsp minced,1
220,55,2,cups,1
220,149,1,,1
220,46,4,cups,1
220,45,1,fresh sprig,1
220,333,1,fresh sprig,1
220,396,1,pound chopped,1
220,313,4,thick slices,1
220,187,1,thinly sliced,1
220,341,0.5,cup grated,1
220,263,2,tbsp,1
220,234,2,small cut into chunks,1
221,224,2,small stalks,1
221,49,1,medium finely diced,1
221,55,6,medium cloves sliced,1
221,364,12,ounces,1
221,149,2,,1
221,38,4,cups,1
221,21,1,Pinch,1
221,333,2,tsp,1
221,281,1,Pinch,1
221,9,2,large,1
221,244,4,sprigs,1
221,119,2.00,cup,1
221,396,2,tbsp,1
221,245,225,g,1
221,237,75,g,1
222,286,1,tsp,1
222,52,125,g,1
222,15,150,g,1
222,41,1,,1
222,477,1,tbsp,1
222,123,2,tsp,1
222,211,2,large,1
222,324,4,,1
223,11,2,,1
223,426,4,large,1
223,424,5,tbsp,1
223,365,1,Bunch,1
223,224,1,medium,1
223,17,3,finely chopped,1
223,364,1,tsp,1
223,150,1,tsp,1
223,394,2,tbsp,1
223,305,2,chopped,1
224,41,4,qt,1
224,227,1.5,kg,1
224,68,4,kg,1
224,65,2,tbsp,1
224,253,1,tbsp,1
224,281,2,cups,1
224,29,1,large,1
225,435,2,chopped,1
225,49,4,sprigs,1
225,301,1,diced,1
225,313,2.00,tsp,1
225,364,2,chopped,1
225,29,4,mashed,1
225,264,1,tbsp,1
225,150,2,lbs,1
225,548,2,L,1
225,3,4,,1
225,333,1,cup,1
225,253,2.00,cup,1
225,248,1,cup,1
225,333,6,small,1
225,91,4,small,1
226,513,1,thinly sliced,1
226,393,1,medium,1
226,264,1,finely chopped,1
226,426,300,g,1
226,364,1,tsp,1
226,514,1,Pinch,1
226,232,200,ml,1
226,276,700,ml,1
226,338,100,g,1
226,328,1,chopped,1
226,501,1,Handful,1
226,197,1,Pinch,1
226,237,1,Pinch,1
226,281,4,chopped,1
226,29,2,large,1
227,67,5,chopped,1
227,227,1,chopped,1
227,49,1,small,1
227,196,4,,1
227,55,1,whole,1
227,440,1,tsp,1
227,87,2,,1
227,548,4,sprigs,1
227,20,4,sprigs,1
227,237,1,tsp,1
227,113,1,tbsp,1
227,244,1,cup,1
227,281,3,,1
228,41,8,"""""",1
228,122,1,tsp,1
228,346,3,cups,1
228,15,1,jar,1
228,137,2.00,lb,1
228,599,1,,1
229,387,3,,1
229,364,1,tbsp,1
229,123,2,,1
229,74,1,To taste,1
229,444,1,To taste,1
229,281,1,Top,1
229,244,2,,1
229,576,1,tbsp,1
230,227,1,clove,1
230,224,500,g,1
230,149,90,g,1
230,195,1,tsp,1
230,218,400,g,1
230,116,300,ml,1
230,317,1,tbsp,1
230,179,1,tbsp,1
230,316,350,g,1
230,342,1,Topping,1
230,298,1,pound,1
230,234,2.00,cup,1
231,243,3,cloves,1
231,224,1,tin,1
231,149,2.00,tsp,1
231,80,2.00,tsp,1
231,258,6,leaves,1
231,183,1,sprinkling,1
231,17,1,tbsp,1
231,236,1,chopped,1
232,224,3,cloves,1
232,364,4,tsp ground,1
232,196,2,tsp ground,1
232,149,1,tsp,1
232,104,2.00,tsp,1
232,95,1,tsp,1
232,293,1,tsp,1
232,84,2.00,tsp,1
232,72,1,can,1
232,89,3,cups,1
232,116,3,chopped,1
232,111,1.5,cups,1
232,333,1,tsp,1
232,49,1,small,1
232,38,1,cup,1
232,284,1,tsp,1
232,302,225,g,1
232,51,175,ml,1
232,9,1,tsp,1
233,209,175,g,1
233,333,1,tsp,1
233,324,2,,1
233,286,85,g,1
233,27,140,g,1
233,123,2,tbsp,1
233,41,100,ml,1
233,110,1,scoop,1
233,30,175,g,1
233,211,50,g,1
233,181,225,ml,1
233,217,1,tbsp,1
233,41,650,g,1
233,115,1,tsp,1
233,30,2,tsp,1
234,292,1,Juice of half,1
234,175,4,,1
234,224,150,g,1
234,197,80,g,1
234,301,20,chopped,1
234,273,2,tbsp,1
234,133,1,Pinch,1
234,214,1,Pinch,1
234,245,4,tbsp,1
234,281,6,small,1
234,244,0.5,tbsp,1
235,224,1,can,1
235,119,2,cups halved,1
235,175,1.5,cups,1
235,71,1,tbsp,1
235,62,0.5,cup,1
235,162,50,g,1
235,170,1,finely chopped,1
235,237,150,g,1
236,41,125,ml,1
236,364,1,litre hot,1
236,268,1,The juice and zest of one,1
236,338,240,g,1
236,328,150,g,1
236,197,100,g,1
236,189,1,Ground,1
236,2,50,g,1
236,10,250,g,1
236,29,75,g,1
236,234,135,g,1
237,112,450,g,1
237,345,1,tsp,1
237,41,100,g,1
237,346,150,g,1
237,324,1,tsp,1
237,347,300,ml,1
237,349,1,Drizzle,1
237,284,1,Top,1
237,115,1,Top,1
237,350,400,g,1
237,348,8,,1
237,345,2,pinches,1
238,355,350,g,1
238,254,5,tbsp,1
238,276,1,large,1
238,358,3,cloves,1
238,224,2,tbsp,1
238,227,1,tail,1
238,149,4,,1
238,232,650,ml,1
238,357,2,large,1
238,359,1,juiced,1
238,361,1,Topping,1
238,317,3,tbsp,1
238,197,8,cloves chopped,1
238,237,3,tbsp,1
239,224,2,tbsp,1
239,149,1200,g,1
239,52,1,Bunch,1
239,394,2,tubs,1
239,80,3,tbsp,1
239,18,85,g,1
239,401,2,sliced,1
239,211,1,kg,1
239,234,100,g,1
239,402,3,tubs,1
239,299,1,Pinch,1
239,234,400,g,1
239,403,350,g,1
239,222,3,parts,1
239,46,3,tbsp,1
240,383,350,g,1
240,149,1,Small bunch,1
240,224,1,sliced,1
240,371,4,tbsp,1
240,277,25,g,1
241,364,400,g,1
241,224,6,cloves,1
241,41,8,,1
241,253,1,Handful,1
241,149,1,,1
241,123,4,,1
241,237,1,Drizzle,1
241,444,300,g,1
241,445,1,Beaten,1
241,224,1,Beaten,1
242,255,2,tbsp,1
242,121,70,ml,1
242,122,200,g,1
242,327,2,chopped,1
242,3,30,g,1
242,452,85,ml,1
242,227,1,Pinch,1
242,248,1,Pinch,1
242,26,1,Dash,1
242,281,100,g,1
242,244,175,g,1
242,342,2,,1
243,41,225,g,1
243,217,1,tsp,1
243,123,1,tsp,1
243,286,3,tbsp,1
243,15,275,ml,1
243,27,1,To serve,1
243,30,100,g,1
243,211,125,g,1
243,115,1,tbsp,1
243,41,300,ml,1
243,217,1,tsp,1
243,30,250,g,1
243,115,1,Pinch,1
243,324,125,g,1
244,286,175,g,1
244,281,80,g,1
244,446,1,zest,1
244,458,1,zest,1
244,52,150,ml,1
244,197,1,To serve,1
244,228,300,g,1
244,211,250,g,1
244,459,100,g,1
245,304,500,g,1
245,462,175,g,1
245,461,7,slices,1
245,408,1,tbsp,1
245,52,2,chopped,1
245,35,1,large,1
246,378,1,L,1
246,196,400,g,1
246,426,200,g,1
246,328,3,,1
246,46,3,,1
246,163,1,small pack,1
246,317,40,g,1
246,150,1,kg,1
246,17,200,g (soaked overnight),1
246,234,2,chopped,1
247,448,2,,1
247,241,2,,1
247,227,1,chopped,1
247,49,300,g,1
247,21,1,To serve,1
247,55,2,cups,1
247,501,0.25,cup,1
247,35,2,,1
248,40,1,tsp,1
248,41,1,tsp,1
248,123,0.5,cup,1
248,324,1.5,cups,1
248,281,2,tbsp,1
248,248,4,,1
248,211,1.5,cup,1
249,507,2,tbsp,1
249,24,2,cloves minced,1
249,26,1,medium finely diced,1
249,41,4,,1
249,149,0.25,cup,1
249,57,0.25,cup,1
249,218,1,tbsp,1
249,34,1,tbsp,1
249,176,1,Dash,1
249,505,1,tbsp minced,1
249,342,1,tbsp minced,1
249,506,1,To taste,1
249,237,1,To taste,1
249,494,450,,1
249,281,400,,1
249,244,1,chopped,1
250,509,1,tsp,1
250,510,2,tsp,1
250,364,2,tsp,1
250,232,1,tsp,1
250,106,1,sliced,1
250,186,1,sliced,1
250,180,200,g,1
250,264,1,To taste,1
250,424,1,To taste,1
250,317,250,g,1
250,281,30,g,1
250,244,1,Pinch,1
250,286,1,For frying,1
250,446,200,g,1
250,281,1,,1
250,224,1,Dash,1
251,4,0.5,tsp,1
251,483,1,tsp,1
251,333,10,g,1
251,281,10,g,1
251,305,30,g,1
251,296,10,g,1
251,528,1,dash,1
251,316,1,lb,1
251,332,0.50,tsp,1
251,95,1,tsp,1
252,3,1,pinch,1
252,281,1,,1
252,443,3,tbsp,1
252,244,1,pinch,1
252,121,1,,1
252,528,3,tbs,1
252,223,4,tbs,1
252,154,1,tsp,1
252,149,1,tsp,1
252,364,0.75,cup,1
252,49,0.50,cup,1
252,425,0.75,cup,1
252,55,1,cup,1
252,218,1,cup,1
252,530,1,tbs,1
252,333,1,cup,1
252,231,1,tbs,1
252,180,0.50,tsp,1
252,305,1,tsp,1
252,296,1,tbs,1
253,270,0.50,bag,1
253,254,8,,1
253,483,2,Jan,1
253,244,1,Pinch,1
253,443,2,tsp,1
253,99,2,tbs,1
253,223,4,tbs,1
253,212,1,tsp,1
253,154,1,tsp,1
253,364,0.50,cup,1
253,533,1,cup,1
253,301,0.50,cup,1
253,530,1,tbs,1
253,231,1,tbs,1
253,305,2.00,tbs,1
253,332,2.00,tbs,1
253,296,1,tbs,1
254,2,400,g,1
254,5,3,,1
254,103,1,,1
254,299,400,g,1
254,214,4,tbs,1
254,202,1,zest,1
254,177,2,tsp,1
254,224,3,tbs,1
255,123,4,,1
255,541,2,tbs,1
255,539,2,,1
255,41,1,To serve,1
255,542,8,slices,1
255,198,2,tsp,1
255,541,2,tsp,1
255,483,3,Yolkes,1
255,491,125,g,1
256,224,1,tbs,1
256,263,2,chopped,1
256,259,1,finely chopped,1
256,149,1,clove,1
256,95,1,Chopped,1
256,62,800,g,1
256,52,1,tbs,1
256,123,4,,1
256,133,1,Spinkling,1
257,41,50,g,1
257,364,1,chopped,1
257,47,3,Pods,1
257,320,0.25,tsp,1
257,85,1,small,1
257,20,1,Sprigs of fresh,1
257,19,450,g,1
257,68,1,Litre,1
257,455,750,g,1
257,123,3,,1
257,237,3,tblsp chopped,1
257,197,1,chopped,1
258,253,1.5,kg,1
258,20,2,leaves,1
258,289,2,,1
258,41,3,tbs,1
258,187,750,g,1
258,283,2,,1
258,211,500,ml,1
258,222,1,Grated,1
258,281,1,Pinch,1
258,244,1,Pinch,1
259,333,2,L,1
259,241,300,g,1
259,4,100,g,1
259,329,1,,1
259,55,2,,1
259,49,2,,1
259,253,1,large,1
259,364,1,small,1
259,196,1,small,1
259,54,1,cup,1
259,283,1,pound,1
260,298,320,g,1
260,122,6,,1
260,281,1,As required,1
260,14,150,g,1
260,242,50,g,1
260,29,1,As required,1
261,253,5,,1
261,49,12,ounces,1
261,525,1,,1
261,149,2,cloves,1
261,35,1,Slice,1
261,151,1,,1
261,296,2,,1
261,512,1,,1
261,327,1,,1
261,305,1,tbsp,1
261,41,1 1/2,tsp,1
262,253,2,tbsp,1
262,488,350,g,1
262,149,1,tsp,1
262,197,2,tbs,1
262,4,1,cup,1
262,344,2.00,cup,1
262,68,450,g,1
262,327,450,g,1
262,305,3,tbs,1
262,41,150,g,1
263,137,2.00,tsp,1
263,281,1,tsp,1
263,305,2,tbs,1
263,41,2,tbs,1
263,333,1,Spinkling,1
263,578,4,large,1
263,304,1,Pinch,1
263,99,4,tbs,1
263,305,1,chopped,1
263,84,2,finely chopped,1
263,198,200,g,1
263,491,1,tbs,1
263,211,2,tbs chopped,1
263,305,50,g,1
264,317,100,ml,1
264,305,4,tbs,1
264,224,2,tbs,1
264,364,1,tbs,1
264,150,8,,1
264,191,1,sliced,1
264,84,2.00,cup,1
264,316,1,tsp,1
264,268,1,tsp,1
264,68,1,,1
264,113,1,kg,1
264,79,1,tbs,1
264,214,1,tbs,1
265,598,1,tbs,1
265,364,1,tsp,1
265,224,2,tsp,1
265,548,2,tbs,1
265,244,3,tbs,1
265,20,1,cup,1
266,70,1,,1
266,95,1,tsp,1
266,104,1,Splash,1
266,47,1,Sliced,1
266,53,1,Sliced,1
266,232,6,,1
266,198,1,bunch,1
266,224,1,Dash,1
266,162,1,finely sliced,1
266,150,1,clove,1
266,104,350,g,1
266,198,75,g,1
266,201,15,g,1
266,365,250,g,1
266,579,1,Separated,1
267,301,2.00,tsp,1
267,224,400,g,1
267,259,150,ml,1
267,149,100,ml,1
267,254,1,tsp,1
267,133,5,tbs,1
267,41,3,tbs,1
267,248,3,,1
267,483,200,ml,1
267,541,140,g,1
268,268,300,ml,1
268,91,100,ml,1
268,333,2,tbs,1
268,281,3,tbs,1
268,354,1,tbs,1
268,137,1,tbs,1
268,123,1,,1
268,90,4,whole,1
268,305,1,tablespoon,1
269,601,1,small finely diced,1
269,529,2,cloves minced,1
269,52,1,cups,1
269,576,1,can,1
269,529,1,cup,1
269,296,1,can,1
269,103,1,teaspoon,1
270,425,0.5,tsp,1
270,224,0.5,tsp,1
270,364,1,To taste,1
270,149,1,To taste,1
270,581,1 1/2,cup,1
270,554,1,Chopped,1
270,390,2,pint,1
270,111,4,tbs,1
270,104,4,tbs,1
270,72,1,cup,1
270,293,0.25,cup,1
270,281,0.75,cup,1
270,244,0.50,cup,1
270,290,0.25,cup,1
270,83,0.50,teaspoon,1
271,304,0.50,teaspoon,1
271,305,4,Tablespoons,1
271,560,2,,1
271,100,12,,1
271,295,3,cups,1
272,296,2,Juice,1
272,333,4,tsp,1
272,40,2,finely chopped,1
272,171,16,skinnless,1
272,212,1,For brushing,1
272,99,300,ml,1
272,66,1,large piece,1
272,303,4,,1
272,39,75,tsp,1
273,200,75,tsp,1
273,232,0.5,tsp,1
273,263,0.25,tsp,1
273,70,225,g,1
273,327,100,g,1
273,162,1,tbsp,1
273,154,1,clove,1
273,150,4,tsp,1
273,148,400,ml,1
273,170,2,tsp,1
273,75,1,tsp,1
273,320,450,g,1
274,253,2,fresh kaffir leaves,1
274,163,1,handful,1
274,307,1,Boiled,1
274,149,8,,1
274,311,3,tbsp,1
274,91,100,g,1
274,310,2,medium,1
274,305,1,tbsp grated,1
274,1,225,ml,1
274,202,200,g,1
274,17,1,tblsp,1
274,268,1,large,1
275,283,1,clove peeled crushed,1
275,327,2,tblsp,1
275,248,3,tsp,1
275,123,500,g,1
275,178,1,large,1
275,211,85,g,1
275,62,2,tblsp,1
276,224,800,g,1
276,364,2,tblsp,1
276,149,450,g,1
276,342,2,tblsp,1
276,316,4,,1
276,388,1,tbls,1
276,123,2,tblsp,1
276,36,50,g,1
276,389,5,,1
276,46,100,g,1
276,237,400,g,1
277,253,50,g,1
277,224,1,zest,1
277,123,2,tblsp,1
277,394,1,chopped,1
277,406,1,clove peeled crushed,1
277,307,1,thinly sliced,1
277,263,200,g,1
277,299,1,sliced,1
277,319,100,shredded,1
278,437,250,g,1
278,197,1,kg,1
278,224,1,Knob,1
278,263,1,Dash,1
278,149,50,g,1
278,424,75,g,1
278,163,2,sliced,1
278,426,75,g,1
278,187,150,ml,1
278,433,568,ml,1
279,253,2,tbs chopped,1
279,41,250,g,1
279,211,250,g,1
279,172,250,g,1
279,41,6,,1
279,196,250,g,1
279,248,135,g,1
279,338,400,g,1
279,211,150,g,1
279,237,2,zest,1
279,2,1,beaten,1
279,454,300,g,1
279,455,1,Dusting,1
279,123,6,,1
280,248,100,g,1
280,41,85,g,1
280,158,1,To serve,1
280,36,50,g,1
280,200,25,g,1
280,123,300,ml,1
281,255,2,,1
281,248,5,tbs,1
281,464,0.5,tsp,1
281,52,1,Pod of,1
281,41,140,g,1
281,101,3,,1
282,41,8,slices,1
282,234,150,ml,1
282,211,1,To serve,1
282,21,1,medium,1
282,248,1,tsp,1
282,125,500,g,1
282,53,1,finely chopped,1
282,172,1,finely chopped,1
282,123,0.25,tsp,1
282,489,0.25,tsp,1
282,115,0.25,tsp,1
282,299,100,ml,1
283,253,400,g,1
283,307,1,To Glaze,1
283,502,2,cups,1
283,364,0.33,cup,1
283,150,3,tsp,1
283,84,0.5,tsp,1
283,548,1,beaten,1
283,222,75,cup,1
283,328,3,tbs,1
283,419,1,for frying,1
283,483,1,garnish,1
284,137,1,large,1
284,305,300,g,1
284,15,75,ml,1
284,281,280,g,1
284,483,1,tbs,1
284,211,4,large,1
284,223,2,tsp,1
284,223,500,g,1
284,347,2,cloves minced,1
285,228,1,,1
285,52,300,g,1
285,224,3,tbs,1
285,137,1,tbs,1
285,15,1,Litre,1
285,123,3,tsp,1
285,324,400,g,1
286,193,2,Jan,1
286,149,150,g,1
286,364,1,Pinch,1
286,299,1,Pinch,1
286,316,2,tbs,1
286,104,8,,1
286,68,200,g,1
286,175,,,1
286,71,4,mini,1
286,198,0.5,,1
286,204,150,,1
286,281,1,Pinch,1
286,244,1,Pinch,1
287,224,2,tbs,1
287,301,8,,1
287,299,200,g,1
287,557,4,,1
287,319,1,can,1
287,123,2,,1
287,180,1,Dash,1
287,317,4,Chopped,1
287,103,4,Jan,1
287,198,1,tbs,1
287,469,4,tbs,1
288,517,3,cups,1
288,301,6,,1
288,150,4,,1
288,237,2.00,cup,1
288,104,2,tsp,1
288,15,1,tsp,1
288,53,2.00,tsp,1
288,137,1,Spinkling,1
288,327,1,As required,1
289,570,4,,1
289,137,100,g,1
289,123,2,Beaten,1
289,36,100,g,1
289,327,1,Fry,1
289,315,2,tbs,1
289,342,2,tbs,1
289,231,1,tbs,1
289,52,2,tblsp,1
290,3,500,g,1
290,227,2,chopped,1
290,49,2,chopped,1
290,149,2,cloves,1
290,20,2,,1
290,266,200,ml,1
290,333,2,Litres,1
290,219,3,tbs,1
290,281,1,tbsp,1
290,244,2.00,tsp,1
290,232,2.00,tsp,1
290,327,2,tbs,1
291,119,4,,1
291,123,2,,1
291,281,1,tsp,1
291,224,4,tsp,1
292,167,1,cups,1
292,49,1,,1
292,364,1,small,1
292,344,1,sprinking,1
292,95,150,g,1
292,299,10,,1
292,194,35,g,1
292,326,4,tablespoons,1
292,137,300,ml,1
292,297,1.5,teaspoons,1
292,219,1,teaspoon,1
292,332,1 1/4,cup,1
293,286,2.00,cup,1
293,88,2.00,cup raw,1
293,43,1,tsp,1
293,15,2,,1
293,136,2.00,cup,1
293,546,1,tsp,1
293,323,2.00,cup boiling,1
293,333,1.5,pounds sliced,1
294,4,1,package thin,1
294,271,6,Apr,1
294,120,3,tablespoons minced,1
294,57,1.5,tablespoons minced garlic,1
294,149,0.25,cup,1
294,30.5,1,tablespoon,1
294,134,0.5,tablespoon thick,1
294,296,0.5,tablespoon,1
294,244,3,tablespoons,1
294,224,1,Sliced,1
294,103,1,Leaves,1
294,214,1,Crushed,1
294,240,1,tbls,1
295,224,4,,1
295,367,2,finely chopped,1
295,227,2,cloves minced,1
295,149,2,tsp ground,1
295,84,2,tsp,1
295,248,250,ml,1
295,266,800,g,1
295,80,1,,1
295,368,3,sprigs,1
295,396,2,,1
295,21,1,tsp,1
295,305,2,tbs,1
295,211,600,g,1
295,370,1,Grated,1
295,235,1,,1
296,378,1,,1
296,364,3,cloves,1
296,149,1,tsp,1
296,232,0.5,tsp,1
296,104,1,tblsp,1
296,313,3,Medium,1
296,49,2,small stalks,1
296,55,1,,1
296,264,1,,1
296,424,800,g,1
296,365,250,ml,1
296,329,2,sliced,1
296,426,2,sprigs,1
296,313,250,g,1
296,433,400,g,1
297,434,1,can,1
297,435,1,can,1
297,80,1,Packet,1
297,436,3,Lbs,1
298,253,3,Lbs,1
298,292,2.00,cup,1
298,282,1,oz,1
298,218,3.50,cup,1
298,38,6,cloves,1
298,149,1,tsp,1
298,190,3,cups,1
298,364,2,tbsp,1
298,316,2,cups,1
298,21,8,cups,1
298,224,2,tbsp,1
298,117,2,tsp,1
298,328,2,sprigs,1
298,99,568,ml,1
298,296,100,g,1
298,396,1,Pod of,1
298,237,6,,1
298,277,2,tbs,1
298,494,1,Top,1
299,115,1,lb,1
299,334,3,chopped,1
299,323,1,tsp,1
299,122,1,tbs,1
299,52,1,tsp,1
299,52,3,finely chopped,1
300,4,3,finely chopped,1
300,150,6,chopped,1
300,154,1,Packet,1
300,296,1,Fry,1
300,443,1,Bottle,1
300,49,450,g,1
300,55,55,g,1
300,301,2,parts,1
300,527,2.00,tsp,1
300,223,6,oz,1
300,333,2,Beaten,1
301,137,30,g,1
301,52,140,g,1
301,475,85,g,1
301,281,85,g,1
301,211,1,tsp,1
301,123,1,To Glaze,1
301,41,1,To Glaze,1
301,410,250,g,1
301,41,2,tbs,1
301,40,1,sliced,1
301,84,0.25,,1
301,211,10,,1
301,347,4,,1
302,439,4,tbsp,1
302,443,2,tbs,1
302,364,1,tblsp,1
302,440,1,tblsp,1
302,441,10,,1
302,301,4,,1
302,442,4,tbsp,1
302,296,2,tbs,1
302,52,1,tbsp,1
302,342,1,tbsp,1
